{"type":"FeatureCollection","name":"peel_flood_trca","features":[{"type":"Feature","properties":{"floodplain":"Engineered","watershed":"Humber River"},"geometry":{"type":"Polygon","coordinates":[[[-79.70026,43.83662],[-79.69801,43.83182],[-79.69529,43.83073],[-79.69434,43.82837],[-79.69005,43.82538],[-79.68789,43.82],[-79.68602,43.81968],[-79.68432,43.81677],[-79.6817,43.81698],[-79.67934,43.81291],[-79.68078,43.8104],[-79.67972,43.80871],[-79.67711,43.80758],[-79.67189,43.80247],[-79.67438,43.8022],[-79.67433,43.80325],[-79.68238,43.80978],[-79.68367,43.81275],[-79.68237,43.81333],[-79.68367,43.81378],[-79.68407,43.81554],[-79.68684,43.81584],[-79.68586,43.81646],[-79.68815,43.81759],[-79.68753,43.8185],[-79.69153,43.82275],[-79.6924,43.82671],[-79.69573,43.82739],[-79.696,43.82979],[-79.69786,43.82843],[-79.69641,43.83002],[-79.70086,43.83271],[-79.70045,43.83426],[-79.70196,43.83669],[-79.70106,43.8367],[-79.70093,43.83801],[-79.70026,43.83662]]],"crs":null}},{"type":"Feature","properties":{"floodplain":"Engineered","watershed":"Humber River"},"geometry":{"type":"Polygon","coordinates":[[[-79.71563,43.85951],[-79.71431,43.85761],[-79.71342,43.8586],[-79.70962,43.85716],[-79.70846,43.85799],[-79.70307,43.85743],[-79.70196,43.85575],[-79.70279,43.85545],[-79.70241,43.85408],[-79.69901,43.85349],[-79.69821,43.85093],[-79.69993,43.8529],[-79.70265,43.85318],[-79.70361,43.85535],[-79.70258,43.85642],[-79.7037,43.8572],[-79.70992,43.85686],[-79.71308,43.85777],[-79.71467,43.85688],[-79.71677,43.85938],[-79.71563,43.85951]]],"crs":null}},{"type":"Feature","properties":{"floodplain":"Engineered","watershed":"Etobicoke Creek"},"geometry":{"type":"Polygon","coordinates":[[[-79.54688,43.58917],[-79.54775,43.58883],[-79.54875,43.59006],[-79.54688,43.58917]]],"crs":null}},{"type":"Feature","properties":{"floodplain":"Engineered","watershed":"Etobicoke Creek"},"geometry":{"type":"MultiPolygon","coordinates":[[[[-79.55364,43.59555],[-79.54935,43.59472],[-79.54985,43.59107],[-79.5489,43.59017],[-79.55093,43.58909],[-79.55205,43.59003],[-79.5498,43.59247],[-79.54987,43.59426],[-79.55364,43.59555]]],[[[-79.55369,43.59555],[-79.55382,43.59555],[-79.55382,43.5956],[-79.55369,43.59555]]],[[[-79.55462,43.59662],[-79.55465,43.59899],[-79.55337,43.59818],[-79.55462,43.59662]]],[[[-79.55619,43.59987],[-79.5578,43.60311],[-79.55692,43.6024],[-79.55619,43.59987]]],[[[-79.55922,43.60377],[-79.56024,43.60383],[-79.55965,43.60431],[-79.55922,43.60377]]]],"crs":null}},{"type":"Feature","properties":{"floodplain":"Engineered","watershed":"Etobicoke Creek"},"geometry":{"type":"MultiPolygon","coordinates":[[[[-79.56242,43.60632],[-79.56018,43.60495],[-79.56199,43.60395],[-79.56261,43.60621],[-79.56394,43.60665],[-79.56242,43.60632]]],[[[-79.5656,43.6075],[-79.56718,43.60882],[-79.56539,43.60824],[-79.5656,43.6075]]]],"crs":null}},{"type":"Feature","properties":{"floodplain":"Engineered","watershed":"Etobicoke Creek"},"geometry":{"type":"MultiPolygon","coordinates":[[[[-79.56751,43.61052],[-79.57109,43.60916],[-79.57393,43.61001],[-79.56751,43.61052]]],[[[-79.56739,43.61074],[-79.56718,43.61096],[-79.56703,43.61102],[-79.56739,43.61074]]],[[[-79.566,43.61163],[-79.56672,43.6112],[-79.56506,43.61303],[-79.566,43.61163]]],[[[-79.56595,43.6133],[-79.56664,43.61334],[-79.56732,43.61356],[-79.56595,43.6133]]],[[[-79.56758,43.61363],[-79.5676,43.6136],[-79.56781,43.61368],[-79.56758,43.61363]]]],"crs":null}},{"type":"Feature","properties":{"floodplain":"Engineered","watershed":"Etobicoke Creek"},"geometry":{"type":"MultiPolygon","coordinates":[[[[-79.59206,43.64419],[-79.58916,43.64261],[-79.5857,43.6374],[-79.5862,43.62958],[-79.58776,43.63313],[-79.5921,43.6346],[-79.58798,43.63765],[-79.58881,43.64148],[-79.59261,43.64387],[-79.59654,43.64294],[-79.59206,43.64419]]],[[[-79.5826,43.62759],[-79.58426,43.62837],[-79.58195,43.62793],[-79.5826,43.62759]]],[[[-79.58516,43.62863],[-79.58511,43.62861],[-79.58537,43.62871],[-79.58516,43.62863]]],[[[-79.58563,43.62885],[-79.58558,43.62882],[-79.58557,43.62881],[-79.58563,43.62885]]],[[[-79.60748,43.64477],[-79.60355,43.64465],[-79.59693,43.64292],[-79.60748,43.64477]],[[-79.60863,43.64588],[-79.60856,43.64561],[-79.60866,43.64629],[-79.60863,43.64588]]]],"crs":null}},{"type":"Feature","properties":{"floodplain":"Engineered","watershed":"Etobicoke Creek"},"geometry":{"type":"Polygon","coordinates":[[[-79.61553,43.64838],[-79.61472,43.64752],[-79.60842,43.64709],[-79.60925,43.6463],[-79.61563,43.64685],[-79.61788,43.64838],[-79.61683,43.64883],[-79.61798,43.65103],[-79.61671,43.65162],[-79.61565,43.65076],[-79.61553,43.64838]]],"crs":null}},{"type":"Feature","properties":{"floodplain":"Engineered","watershed":"Etobicoke Creek"},"geometry":{"type":"Polygon","coordinates":[[[-79.62191,43.65384],[-79.6187,43.65404],[-79.6169,43.65178],[-79.62445,43.65243],[-79.62191,43.65384]]],"crs":null}},{"type":"Feature","properties":{"floodplain":"Engineered","watershed":"Etobicoke Creek"},"geometry":{"type":"Polygon","coordinates":[[[-79.62337,43.65406],[-79.62355,43.65409],[-79.62282,43.65431],[-79.62337,43.65406]]],"crs":null}},{"type":"Feature","properties":{"floodplain":"Engineered","watershed":"Etobicoke Creek"},"geometry":{"type":"Polygon","coordinates":[[[-79.66165,43.6655],[-79.66194,43.66434],[-79.66721,43.66365],[-79.67721,43.65507],[-79.6744,43.6577],[-79.67527,43.65848],[-79.67388,43.65812],[-79.66784,43.66455],[-79.66165,43.6655]]],"crs":null}},{"type":"Feature","properties":{"floodplain":"Engineered","watershed":"Etobicoke Creek"},"geometry":{"type":"Polygon","coordinates":[[[-79.7308,43.66875],[-79.73195,43.66761],[-79.7342,43.66849],[-79.7308,43.66875]]],"crs":null}},{"type":"Feature","properties":{"floodplain":"Engineered","watershed":"Etobicoke Creek"},"geometry":{"type":"Polygon","coordinates":[[[-79.71592,43.67098],[-79.71524,43.66948],[-79.71888,43.66716],[-79.72106,43.66885],[-79.72595,43.66745],[-79.72849,43.6652],[-79.73132,43.66727],[-79.73021,43.66838],[-79.72848,43.66692],[-79.72517,43.67011],[-79.71809,43.66936],[-79.71592,43.67098]]],"crs":null}},{"type":"Feature","properties":{"floodplain":"Engineered","watershed":"Etobicoke Creek"},"geometry":{"type":"Polygon","coordinates":[[[-79.70438,43.67368],[-79.70451,43.67367],[-79.70465,43.67407],[-79.70438,43.67368]]],"crs":null}},{"type":"Feature","properties":{"floodplain":"Engineered","watershed":"Etobicoke Creek"},"geometry":{"type":"Polygon","coordinates":[[[-79.70318,43.67413],[-79.70255,43.67294],[-79.70373,43.67411],[-79.70318,43.67413]]],"crs":null}},{"type":"Feature","properties":{"floodplain":"Engineered","watershed":"Etobicoke Creek"},"geometry":{"type":"Polygon","coordinates":[[[-79.70407,43.67408],[-79.70397,43.67366],[-79.70434,43.67408],[-79.70407,43.67408]]],"crs":null}},{"type":"Feature","properties":{"floodplain":"Engineered","watershed":"Etobicoke Creek"},"geometry":{"type":"Polygon","coordinates":[[[-79.70872,43.67523],[-79.7065,43.67398],[-79.70505,43.67454],[-79.70463,43.67323],[-79.70872,43.67426],[-79.71097,43.67214],[-79.71517,43.67181],[-79.71505,43.67068],[-79.71612,43.67158],[-79.71549,43.67269],[-79.71163,43.67371],[-79.71072,43.67531],[-79.70872,43.67523]]],"crs":null}},{"type":"Feature","properties":{"floodplain":"Engineered","watershed":"Etobicoke Creek"},"geometry":{"type":"Polygon","coordinates":[[[-79.6954,43.67555],[-79.69529,43.67612],[-79.69503,43.67611],[-79.6954,43.67555]]],"crs":null}},{"type":"Feature","properties":{"floodplain":"Engineered","watershed":"Etobicoke Creek"},"geometry":{"type":"Polygon","coordinates":[[[-79.69574,43.67567],[-79.69601,43.67559],[-79.69551,43.67612],[-79.69574,43.67567]]],"crs":null}},{"type":"Feature","properties":{"floodplain":"Engineered","watershed":"Etobicoke Creek"},"geometry":{"type":"Polygon","coordinates":[[[-79.67346,43.6766],[-79.6735,43.67661],[-79.67341,43.67664],[-79.67346,43.6766]]],"crs":null}},{"type":"Feature","properties":{"floodplain":"Engineered","watershed":"Etobicoke Creek"},"geometry":{"type":"Polygon","coordinates":[[[-79.69247,43.67707],[-79.69051,43.67721],[-79.69136,43.67546],[-79.695,43.67555],[-79.69382,43.67792],[-79.69247,43.67707]]],"crs":null}},{"type":"Feature","properties":{"floodplain":"Engineered","watershed":"Etobicoke Creek"},"geometry":{"type":"Polygon","coordinates":[[[-79.69871,43.67643],[-79.69477,43.67824],[-79.69812,43.67382],[-79.70287,43.67417],[-79.70147,43.67473],[-79.70135,43.67657],[-79.69871,43.67643]]],"crs":null}},{"type":"Feature","properties":{"floodplain":"Engineered","watershed":"Etobicoke Creek"},"geometry":{"type":"Polygon","coordinates":[[[-79.67843,43.68052],[-79.67515,43.67996],[-79.67229,43.67695],[-79.66763,43.67655],[-79.66698,43.67485],[-79.6655,43.6739],[-79.66594,43.67552],[-79.66312,43.67213],[-79.6577,43.671],[-79.65766,43.66917],[-79.65289,43.67252],[-79.64672,43.67352],[-79.65195,43.67191],[-79.6611,43.66559],[-79.66187,43.66703],[-79.65841,43.66923],[-79.65979,43.66888],[-79.66153,43.67096],[-79.66779,43.67376],[-79.66914,43.67571],[-79.67441,43.67562],[-79.67761,43.67719],[-79.6799,43.67519],[-79.68561,43.67743],[-79.69018,43.67614],[-79.69017,43.67767],[-79.68532,43.67871],[-79.68159,43.6776],[-79.67999,43.67896],[-79.67821,43.6779],[-79.68033,43.68007],[-79.67924,43.68098],[-79.68058,43.68203],[-79.67843,43.68052]],[[-79.67346,43.6766],[-79.67341,43.67664],[-79.6735,43.67661],[-79.67346,43.6766]]],"crs":null}},{"type":"Feature","properties":{"floodplain":"Engineered","watershed":"Etobicoke Creek"},"geometry":{"type":"Polygon","coordinates":[[[-79.75301,43.6878],[-79.74878,43.68576],[-79.74765,43.67909],[-79.7455,43.67792],[-79.74663,43.67692],[-79.74003,43.67062],[-79.74198,43.67019],[-79.74394,43.67307],[-79.75018,43.67605],[-79.74954,43.67804],[-79.74837,43.67751],[-79.75039,43.67947],[-79.74913,43.68286],[-79.75022,43.6827],[-79.74964,43.68496],[-79.75104,43.68673],[-79.75206,43.68669],[-79.75387,43.6828],[-79.75604,43.68252],[-79.76092,43.68396],[-79.76333,43.68679],[-79.75832,43.68794],[-79.75985,43.68661],[-79.75953,43.68729],[-79.76061,43.68716],[-79.76009,43.68575],[-79.75544,43.68379],[-79.75426,43.6855],[-79.75425,43.68888],[-79.75301,43.6878]],[[-79.74843,43.6781],[-79.74611,43.6778],[-79.74765,43.67872],[-79.74843,43.6781]],[[-79.74767,43.67629],[-79.74746,43.67638],[-79.74869,43.67681],[-79.74767,43.67629]],[[-79.74653,43.6765],[-79.74627,43.67663],[-79.74635,43.67667],[-79.74653,43.6765]]],"crs":null}},{"type":"Feature","properties":{"floodplain":"Engineered","watershed":"Etobicoke Creek"},"geometry":{"type":"Polygon","coordinates":[[[-79.7542,43.68893],[-79.75541,43.68991],[-79.75437,43.68953],[-79.7542,43.68893]]],"crs":null}},{"type":"Feature","properties":{"floodplain":"Engineered","watershed":"Etobicoke Creek"},"geometry":{"type":"Polygon","coordinates":[[[-79.75607,43.69055],[-79.75542,43.69018],[-79.75702,43.69065],[-79.75607,43.69055]]],"crs":null}},{"type":"Feature","properties":{"floodplain":"Engineered","watershed":"Etobicoke Creek"},"geometry":{"type":"Polygon","coordinates":[[[-79.69807,43.69477],[-79.70094,43.69567],[-79.70062,43.69679],[-79.703,43.6986],[-79.70503,43.69735],[-79.70665,43.69839],[-79.70493,43.69779],[-79.70339,43.69898],[-79.70075,43.69718],[-79.70078,43.69879],[-79.69896,43.69751],[-79.69859,43.69823],[-79.7006,43.69915],[-79.698,43.70018],[-79.70403,43.69916],[-79.70412,43.70032],[-79.70618,43.7005],[-79.70667,43.69947],[-79.70767,43.69994],[-79.70683,43.69853],[-79.70988,43.70031],[-79.70948,43.69846],[-79.7116,43.69775],[-79.71276,43.69976],[-79.71892,43.69917],[-79.72323,43.7013],[-79.72498,43.70029],[-79.72291,43.70229],[-79.7232,43.70153],[-79.7197,43.69952],[-79.71693,43.70136],[-79.72089,43.70377],[-79.72264,43.70248],[-79.72037,43.70484],[-79.7245,43.7074],[-79.7337,43.71006],[-79.73636,43.71141],[-79.73519,43.71177],[-79.73581,43.71244],[-79.73881,43.71218],[-79.73884,43.71124],[-79.74135,43.71185],[-79.74665,43.7153],[-79.74231,43.71505],[-79.73795,43.71258],[-79.73571,43.71308],[-79.7329,43.71116],[-79.7316,43.71182],[-79.73218,43.71113],[-79.72764,43.70938],[-79.7318,43.71058],[-79.71896,43.70496],[-79.71594,43.70608],[-79.7125,43.70968],[-79.71325,43.71143],[-79.71647,43.71307],[-79.72388,43.71227],[-79.73062,43.71697],[-79.72829,43.71578],[-79.72762,43.71706],[-79.72765,43.71582],[-79.72491,43.71892],[-79.7236,43.71807],[-79.72262,43.71948],[-79.72244,43.72049],[-79.7271,43.7242],[-79.72835,43.72678],[-79.73696,43.72919],[-79.7431,43.73251],[-79.74804,43.73214],[-79.75548,43.73453],[-79.75915,43.73375],[-79.76109,43.73632],[-79.76394,43.73553],[-79.76975,43.7381],[-79.77523,43.73702],[-79.77175,43.73874],[-79.7641,43.73647],[-79.7595,43.73749],[-79.76155,43.73756],[-79.76589,43.74186],[-79.76912,43.73962],[-79.76827,43.74054],[-79.76902,43.74106],[-79.76809,43.74068],[-79.76647,43.74259],[-79.76864,43.74426],[-79.7711,43.74372],[-79.76964,43.74501],[-79.77123,43.74441],[-79.77044,43.74556],[-79.77223,43.74597],[-79.77148,43.74636],[-79.77309,43.74752],[-79.77481,43.74731],[-79.77347,43.74777],[-79.7751,43.74899],[-79.78036,43.7503],[-79.77576,43.74978],[-79.76901,43.74554],[-79.76774,43.74637],[-79.76823,43.74498],[-79.76067,43.73868],[-79.76153,43.73772],[-79.76012,43.73828],[-79.75366,43.73445],[-79.75041,43.73448],[-79.74758,43.73257],[-79.74346,43.73366],[-79.73446,43.73038],[-79.73424,43.72922],[-79.7294,43.72931],[-79.72818,43.72778],[-79.72357,43.72921],[-79.72035,43.72671],[-79.7246,43.7295],[-79.72676,43.72721],[-79.72522,43.72521],[-79.72233,43.72452],[-79.72193,43.7226],[-79.719,43.72104],[-79.71882,43.71925],[-79.71439,43.71757],[-79.70921,43.71335],[-79.70783,43.71384],[-79.70389,43.70941],[-79.69922,43.70692],[-79.70025,43.70384],[-79.69423,43.70182],[-79.6971,43.69876],[-79.69672,43.69803],[-79.69406,43.7012],[-79.68786,43.70174],[-79.68651,43.69995],[-79.68736,43.69905],[-79.68517,43.69876],[-79.6842,43.69974],[-79.68644,43.6957],[-79.68488,43.69695],[-79.68327,43.69631],[-79.67833,43.69142],[-79.6707,43.69373],[-79.66362,43.69109],[-79.66064,43.69175],[-79.65771,43.6876],[-79.65455,43.68738],[-79.65395,43.68871],[-79.65114,43.6877],[-79.65256,43.68646],[-79.65225,43.68478],[-79.65427,43.68321],[-79.65612,43.68543],[-79.66052,43.68777],[-79.66121,43.68968],[-79.67149,43.69262],[-79.67689,43.69005],[-79.67537,43.68926],[-79.676,43.68873],[-79.675,43.68696],[-79.67973,43.68796],[-79.67904,43.68897],[-79.67714,43.6885],[-79.67972,43.68965],[-79.67934,43.69046],[-79.68195,43.69081],[-79.68113,43.6911],[-79.68237,43.69221],[-79.68368,43.6904],[-79.6848,43.69061],[-79.68592,43.68834],[-79.68728,43.68871],[-79.6865,43.68999],[-79.68779,43.69034],[-79.68984,43.68769],[-79.68989,43.68928],[-79.6912,43.6894],[-79.69049,43.69041],[-79.69471,43.6918],[-79.6976,43.69468],[-79.69896,43.6941],[-79.69807,43.69477]],[[-79.70699,43.70131],[-79.70824,43.70153],[-79.70804,43.70039],[-79.70699,43.70131]],[[-79.71134,43.70725],[-79.71316,43.70579],[-79.71245,43.70539],[-79.71134,43.70725]],[[-79.71016,43.70065],[-79.71182,43.70018],[-79.71048,43.6985],[-79.71016,43.70065]],[[-79.71351,43.70494],[-79.71239,43.70427],[-79.71017,43.70631],[-79.71381,43.7058],[-79.71351,43.70494]],[[-79.71434,43.70575],[-79.71155,43.70732],[-79.70979,43.70661],[-79.7128,43.70901],[-79.71576,43.70597],[-79.71434,43.70575]],[[-79.71471,43.70198],[-79.71225,43.70278],[-79.71521,43.7049],[-79.71702,43.70446],[-79.71752,43.7025],[-79.71471,43.70198]],[[-79.70773,43.70485],[-79.70982,43.70622],[-79.71154,43.70478],[-79.71079,43.70428],[-79.71145,43.70343],[-79.70911,43.7027],[-79.70754,43.70381],[-79.70801,43.7045],[-79.70715,43.70401],[-79.70773,43.70485]],[[-79.70969,43.70918],[-79.70905,43.70725],[-79.70514,43.70429],[-79.70189,43.70448],[-79.70072,43.70611],[-79.70547,43.71043],[-79.70931,43.71145],[-79.71075,43.7103],[-79.70969,43.70918]]],"crs":null}},{"type":"Feature","properties":{"floodplain":"Engineered","watershed":"Etobicoke Creek"},"geometry":{"type":"MultiPolygon","coordinates":[[[[-79.56428,43.62688],[-79.56444,43.62466],[-79.56698,43.62464],[-79.56606,43.62688],[-79.56864,43.62499],[-79.56791,43.62418],[-79.57106,43.62309],[-79.57415,43.62364],[-79.58192,43.62769],[-79.57552,43.62543],[-79.56721,43.62806],[-79.56508,43.62806],[-79.56428,43.62688]]],[[[-79.56854,43.61429],[-79.56886,43.61585],[-79.56777,43.61704],[-79.56854,43.61429]]],[[[-79.56713,43.61825],[-79.56842,43.61969],[-79.56623,43.62275],[-79.56713,43.61825]]]],"crs":null}},{"type":"Feature","properties":{"floodplain":"Engineered","watershed":"Etobicoke Creek"},"geometry":{"type":"Polygon","coordinates":[[[-79.62657,43.65358],[-79.62541,43.65445],[-79.6272,43.65682],[-79.62626,43.65682],[-79.62594,43.65843],[-79.62668,43.65995],[-79.63115,43.66062],[-79.63492,43.66393],[-79.63892,43.664],[-79.64027,43.66539],[-79.6408,43.66978],[-79.64741,43.67275],[-79.64557,43.67351],[-79.64235,43.67217],[-79.63982,43.67272],[-79.64157,43.67416],[-79.64104,43.67465],[-79.64905,43.67987],[-79.64883,43.68084],[-79.63825,43.67335],[-79.63683,43.66694],[-79.63546,43.66695],[-79.63373,43.66504],[-79.63265,43.66545],[-79.6301,43.66189],[-79.62687,43.6607],[-79.62658,43.6614],[-79.62398,43.65897],[-79.62376,43.65482],[-79.62657,43.65358]]],"crs":null}},{"type":"Feature","properties":{"floodplain":"Engineered","watershed":"Etobicoke Creek"},"geometry":{"type":"Polygon","coordinates":[[[-79.73794,43.67094],[-79.73411,43.66881],[-79.73622,43.66862],[-79.74005,43.67139],[-79.73794,43.67094]]],"crs":null}},{"type":"Feature","properties":{"floodplain":"Engineered","watershed":"Etobicoke Creek"},"geometry":{"type":"MultiPolygon","coordinates":[[[[-79.81848,43.7385],[-79.81561,43.7343],[-79.81226,43.7341],[-79.81255,43.73255],[-79.81101,43.73084],[-79.80151,43.72637],[-79.8018,43.72436],[-79.79944,43.72488],[-79.79754,43.72318],[-79.79543,43.72325],[-79.79314,43.71839],[-79.78904,43.71442],[-79.78686,43.71422],[-79.78727,43.71297],[-79.78368,43.71113],[-79.78211,43.71174],[-79.77755,43.70861],[-79.77661,43.70982],[-79.77642,43.70798],[-79.77361,43.70591],[-79.77661,43.70355],[-79.77579,43.70102],[-79.7745,43.70076],[-79.77527,43.69997],[-79.76802,43.69669],[-79.76257,43.69592],[-79.76186,43.69302],[-79.75933,43.69213],[-79.75981,43.69043],[-79.7576,43.69021],[-79.75819,43.68832],[-79.76258,43.68772],[-79.76038,43.69035],[-79.76453,43.69106],[-79.76249,43.69257],[-79.76391,43.69391],[-79.7689,43.69483],[-79.76992,43.69325],[-79.77387,43.69447],[-79.77414,43.69656],[-79.7726,43.69693],[-79.77562,43.69802],[-79.77721,43.70007],[-79.77781,43.7037],[-79.77924,43.70429],[-79.77545,43.7066],[-79.78169,43.71027],[-79.78515,43.71023],[-79.79409,43.71745],[-79.79784,43.71832],[-79.79599,43.71917],[-79.79678,43.72275],[-79.8026,43.72263],[-79.80451,43.72609],[-79.80961,43.72971],[-79.81233,43.72912],[-79.8141,43.73053],[-79.81438,43.73292],[-79.81833,43.7331],[-79.82015,43.73526],[-79.81842,43.73594],[-79.82013,43.73776],[-79.81848,43.7385]]],[[[-79.75756,43.69061],[-79.75711,43.69043],[-79.75927,43.69106],[-79.75756,43.69061]]]],"crs":null}},{"type":"Feature","properties":{"floodplain":"Engineered","watershed":"Etobicoke Creek"},"geometry":{"type":"Polygon","coordinates":[[[-79.57903,43.60593],[-79.58395,43.60928],[-79.58664,43.607],[-79.59006,43.60953],[-79.5923,43.60896],[-79.59256,43.61023],[-79.59701,43.61225],[-79.60224,43.61219],[-79.60285,43.61289],[-79.60112,43.61331],[-79.60175,43.61419],[-79.60562,43.61505],[-79.61259,43.62078],[-79.61078,43.62054],[-79.60525,43.61566],[-79.60105,43.61604],[-79.5982,43.61282],[-79.59027,43.61067],[-79.58764,43.61177],[-79.58415,43.60952],[-79.58333,43.61092],[-79.58679,43.61191],[-79.58683,43.61287],[-79.5873,43.61191],[-79.58766,43.61307],[-79.5837,43.61669],[-79.58206,43.61686],[-79.57945,43.61328],[-79.57378,43.61043],[-79.57957,43.60647],[-79.57903,43.60593]],[[-79.57833,43.60809],[-79.57423,43.61013],[-79.57868,43.61303],[-79.58314,43.61098],[-79.58193,43.61021],[-79.58237,43.60866],[-79.57833,43.60809]],[[-79.5821,43.61295],[-79.57964,43.61356],[-79.5811,43.61613],[-79.5832,43.61674],[-79.58522,43.61397],[-79.58259,43.61226],[-79.5821,43.61295]]],"crs":null}},{"type":"Feature","properties":{"floodplain":"Engineered","watershed":"Etobicoke Creek"},"geometry":{"type":"Polygon","coordinates":[[[-79.61864,43.62425],[-79.61532,43.62259],[-79.61287,43.62291],[-79.61354,43.62182],[-79.61273,43.62124],[-79.61466,43.62105],[-79.61746,43.62272],[-79.61871,43.62194],[-79.62045,43.62356],[-79.61864,43.62425]]],"crs":null}},{"type":"Feature","properties":{"floodplain":"Engineered","watershed":"Etobicoke Creek"},"geometry":{"type":"Polygon","coordinates":[[[-79.6363,43.63366],[-79.63426,43.63066],[-79.6282,43.62882],[-79.62623,43.62919],[-79.62225,43.62508],[-79.62061,43.62555],[-79.62087,43.6243],[-79.61972,43.62525],[-79.62218,43.62312],[-79.62327,43.62526],[-79.62653,43.62629],[-79.62573,43.62794],[-79.6352,43.63064],[-79.63835,43.63507],[-79.6363,43.63366]]],"crs":null}},{"type":"Feature","properties":{"floodplain":"Engineered","watershed":"Etobicoke Creek"},"geometry":{"type":"Polygon","coordinates":[[[-79.6393,43.63686],[-79.63857,43.63521],[-79.64272,43.63978],[-79.6393,43.63686]]],"crs":null}},{"type":"Feature","properties":{"floodplain":"Engineered","watershed":"Etobicoke Creek"},"geometry":{"type":"Polygon","coordinates":[[[-79.64673,43.64257],[-79.64286,43.63995],[-79.64727,43.64231],[-79.64673,43.64257]]],"crs":null}},{"type":"Feature","properties":{"floodplain":"Engineered","watershed":"Etobicoke Creek"},"geometry":{"type":"Polygon","coordinates":[[[-79.70273,43.67383],[-79.70279,43.67382],[-79.70303,43.67415],[-79.70273,43.67383]]],"crs":null}},{"type":"Feature","properties":{"floodplain":"Engineered","watershed":"Humber River"},"geometry":{"type":"Polygon","coordinates":[[[-79.6729,43.80212],[-79.66785,43.79978],[-79.66651,43.79812],[-79.66763,43.79796],[-79.66656,43.79761],[-79.66841,43.79708],[-79.66891,43.79779],[-79.66786,43.79799],[-79.66888,43.79791],[-79.66953,43.79942],[-79.6745,43.80207],[-79.6729,43.80212]]],"crs":null}},{"type":"Feature","properties":{"floodplain":"Engineered","watershed":"Etobicoke Creek"},"geometry":{"type":"Polygon","coordinates":[[[-79.73773,43.71947],[-79.73354,43.71661],[-79.73088,43.71678],[-79.73437,43.71606],[-79.74048,43.72187],[-79.73773,43.71947]]],"crs":null}},{"type":"Feature","properties":{"floodplain":"Engineered","watershed":"Etobicoke Creek"},"geometry":{"type":"Polygon","coordinates":[[[-79.68692,43.6871],[-79.68592,43.68674],[-79.6865,43.68535],[-79.68435,43.68438],[-79.68483,43.68692],[-79.68159,43.68475],[-79.67955,43.68606],[-79.6814,43.68288],[-79.68069,43.68228],[-79.68595,43.68417],[-79.69198,43.68346],[-79.69135,43.68458],[-79.68774,43.68451],[-79.68881,43.68563],[-79.68699,43.68506],[-79.68824,43.68646],[-79.68665,43.68666],[-79.68662,43.68588],[-79.68692,43.6871]]],"crs":null}},{"type":"Feature","properties":{"floodplain":"Engineered","watershed":"Etobicoke Creek"},"geometry":{"type":"Polygon","coordinates":[[[-79.70664,43.68869],[-79.70592,43.68738],[-79.70351,43.68766],[-79.69966,43.68499],[-79.69823,43.68611],[-79.69733,43.68514],[-79.69616,43.68571],[-79.69535,43.68357],[-79.69273,43.68485],[-79.69355,43.68196],[-79.69315,43.68405],[-79.69571,43.6826],[-79.69516,43.68216],[-79.69633,43.68263],[-79.69533,43.68169],[-79.69642,43.68113],[-79.69951,43.68415],[-79.70146,43.68465],[-79.7005,43.68528],[-79.70351,43.68748],[-79.70503,43.68653],[-79.70829,43.68841],[-79.70664,43.68869]]],"crs":null}},{"type":"Feature","properties":{"floodplain":"Engineered","watershed":"Etobicoke Creek"},"geometry":{"type":"Polygon","coordinates":[[[-79.71195,43.69006],[-79.70916,43.68978],[-79.7086,43.68874],[-79.71311,43.68983],[-79.71077,43.69115],[-79.71195,43.69006]]],"crs":null}},{"type":"Feature","properties":{"floodplain":"Engineered","watershed":"Etobicoke Creek"},"geometry":{"type":"Polygon","coordinates":[[[-79.70366,43.68218],[-79.70415,43.68228],[-79.70165,43.68447],[-79.70366,43.68218]]],"crs":null}},{"type":"Feature","properties":{"floodplain":"Engineered","watershed":"Etobicoke Creek"},"geometry":{"type":"Polygon","coordinates":[[[-79.70776,43.68282],[-79.70427,43.6825],[-79.70745,43.68243],[-79.70848,43.6835],[-79.70776,43.68282]]],"crs":null}},{"type":"Feature","properties":{"floodplain":"Engineered","watershed":"Etobicoke Creek"},"geometry":{"type":"Polygon","coordinates":[[[-79.71103,43.68416],[-79.70873,43.68222],[-79.71155,43.68404],[-79.71314,43.68386],[-79.71103,43.68416]]],"crs":null}},{"type":"Feature","properties":{"floodplain":"Engineered","watershed":"Etobicoke Creek"},"geometry":{"type":"Polygon","coordinates":[[[-79.71647,43.6854],[-79.71343,43.68447],[-79.71427,43.68363],[-79.71647,43.6854]]],"crs":null}},{"type":"Feature","properties":{"floodplain":"Engineered","watershed":"Etobicoke Creek"},"geometry":{"type":"Polygon","coordinates":[[[-79.72051,43.68767],[-79.71692,43.68557],[-79.71876,43.6854],[-79.7206,43.68751],[-79.72195,43.68679],[-79.72079,43.68765],[-79.72213,43.68865],[-79.72051,43.68767]]],"crs":null}},{"type":"Feature","properties":{"floodplain":"Engineered","watershed":"Etobicoke Creek"},"geometry":{"type":"Polygon","coordinates":[[[-79.72497,43.69071],[-79.7222,43.68891],[-79.72487,43.68926],[-79.72425,43.69003],[-79.7253,43.69065],[-79.72807,43.68842],[-79.72814,43.69004],[-79.72702,43.68935],[-79.72497,43.69071]]],"crs":null}},{"type":"Feature","properties":{"floodplain":"Engineered","watershed":"Etobicoke Creek"},"geometry":{"type":"Polygon","coordinates":[[[-79.72828,43.6902],[-79.72836,43.69018],[-79.72846,43.69026],[-79.72828,43.6902]]],"crs":null}},{"type":"Feature","properties":{"floodplain":"Engineered","watershed":"Etobicoke Creek"},"geometry":{"type":"Polygon","coordinates":[[[-79.72831,43.68785],[-79.72821,43.68688],[-79.72997,43.68657],[-79.72928,43.6854],[-79.73028,43.68651],[-79.72831,43.68785]]],"crs":null}},{"type":"Feature","properties":{"floodplain":"Engineered","watershed":"Etobicoke Creek"},"geometry":{"type":"Polygon","coordinates":[[[-79.74158,43.72322],[-79.74057,43.72218],[-79.74277,43.72362],[-79.74158,43.72322]]],"crs":null}},{"type":"Feature","properties":{"floodplain":"Engineered","watershed":"Etobicoke Creek"},"geometry":{"type":"Polygon","coordinates":[[[-79.74532,43.72302],[-79.74839,43.72367],[-79.74572,43.72297],[-79.74393,43.72433],[-79.74532,43.72302]]],"crs":null}},{"type":"Feature","properties":{"floodplain":"Engineered","watershed":"Etobicoke Creek"},"geometry":{"type":"Polygon","coordinates":[[[-79.75023,43.72459],[-79.75137,43.7253],[-79.7512,43.72541],[-79.75023,43.72459]]],"crs":null}},{"type":"Feature","properties":{"floodplain":"Engineered","watershed":"Etobicoke Creek"},"geometry":{"type":"Polygon","coordinates":[[[-79.68528,43.65912],[-79.6786,43.6541],[-79.67731,43.65481],[-79.67935,43.65397],[-79.68621,43.65906],[-79.68528,43.65912]]],"crs":null}},{"type":"Feature","properties":{"floodplain":"Engineered","watershed":"Etobicoke Creek"},"geometry":{"type":"Polygon","coordinates":[[[-79.68999,43.65951],[-79.68206,43.65493],[-79.68621,43.65774],[-79.68724,43.6577],[-79.68822,43.65538],[-79.68745,43.65771],[-79.68883,43.65718],[-79.68886,43.65816],[-79.68811,43.65792],[-79.69098,43.6594],[-79.68999,43.65951]]],"crs":null}},{"type":"Feature","properties":{"floodplain":"Engineered","watershed":"Etobicoke Creek"},"geometry":{"type":"Polygon","coordinates":[[[-79.6989,43.6643],[-79.69538,43.66329],[-79.69551,43.66425],[-79.6909,43.66128],[-79.6956,43.6642],[-79.69412,43.66272],[-79.69805,43.66381],[-79.70326,43.66264],[-79.70409,43.6634],[-79.6989,43.6643]]],"crs":null}},{"type":"Feature","properties":{"floodplain":"Engineered","watershed":"Etobicoke Creek"},"geometry":{"type":"Polygon","coordinates":[[[-79.69015,43.66302],[-79.68611,43.66476],[-79.69001,43.66282],[-79.6934,43.66511],[-79.69015,43.66302]]],"crs":null}},{"type":"Feature","properties":{"floodplain":"Engineered","watershed":"Etobicoke Creek"},"geometry":{"type":"Polygon","coordinates":[[[-79.68484,43.66345],[-79.68583,43.66219],[-79.68787,43.66272],[-79.68625,43.66391],[-79.68484,43.66345]]],"crs":null}},{"type":"Feature","properties":{"floodplain":"Engineered","watershed":"Etobicoke Creek"},"geometry":{"type":"Polygon","coordinates":[[[-79.67664,43.66518],[-79.67596,43.66397],[-79.68086,43.66286],[-79.68005,43.66206],[-79.68229,43.66326],[-79.68439,43.66161],[-79.68537,43.66216],[-79.67878,43.6634],[-79.67664,43.66518]]],"crs":null}},{"type":"Feature","properties":{"floodplain":"Engineered","watershed":"Etobicoke Creek"},"geometry":{"type":"Polygon","coordinates":[[[-79.57903,43.60593],[-79.58728,43.60108],[-79.58889,43.60255],[-79.58885,43.60394],[-79.59023,43.60381],[-79.58857,43.60552],[-79.58872,43.60699],[-79.59191,43.60936],[-79.58967,43.60938],[-79.58656,43.607],[-79.58395,43.60928],[-79.57903,43.60593]]],"crs":null}},{"type":"Feature","properties":{"floodplain":"Engineered","watershed":"Humber River"},"geometry":{"type":"Polygon","coordinates":[[[-79.63424,43.74192],[-79.63097,43.73626],[-79.63553,43.73689],[-79.63402,43.73853],[-79.63647,43.7397],[-79.63416,43.73919],[-79.63527,43.74089],[-79.63424,43.74192]]],"crs":null}},{"type":"Feature","properties":{"floodplain":"Engineered","watershed":"Humber River"},"geometry":{"type":"Polygon","coordinates":[[[-79.64139,43.74805],[-79.63606,43.74519],[-79.63428,43.742],[-79.63663,43.73998],[-79.63569,43.7409],[-79.63705,43.7405],[-79.63607,43.74117],[-79.64158,43.7431],[-79.64354,43.74515],[-79.64368,43.74617],[-79.64139,43.74805]],[[-79.64261,43.74612],[-79.64254,43.74703],[-79.64296,43.74669],[-79.64261,43.74612]],[[-79.6423,43.7462],[-79.64172,43.7444],[-79.64048,43.74487],[-79.6423,43.7462]]],"crs":null}},{"type":"Feature","properties":{"floodplain":"Engineered","watershed":"Humber River"},"geometry":{"type":"Polygon","coordinates":[[[-79.64236,43.74777],[-79.64449,43.74671],[-79.64251,43.74859],[-79.64236,43.74777]],[[-79.6433,43.74747],[-79.64361,43.7473],[-79.64354,43.74699],[-79.6433,43.74747]]],"crs":null}},{"type":"Feature","properties":{"floodplain":"Engineered","watershed":"Humber River"},"geometry":{"type":"Polygon","coordinates":[[[-79.64279,43.74876],[-79.64391,43.74778],[-79.64406,43.74787],[-79.64279,43.74876]]],"crs":null}},{"type":"Feature","properties":{"floodplain":"Engineered","watershed":"Humber River"},"geometry":{"type":"Polygon","coordinates":[[[-79.7531,43.76103],[-79.7549,43.7598],[-79.75722,43.7598],[-79.7531,43.76103]]],"crs":null}},{"type":"Feature","properties":{"floodplain":"Engineered","watershed":"Humber River"},"geometry":{"type":"Polygon","coordinates":[[[-79.76545,43.76214],[-79.75992,43.75909],[-79.75759,43.76004],[-79.75745,43.75917],[-79.76109,43.7591],[-79.76217,43.75801],[-79.76098,43.75969],[-79.76545,43.76214]]],"crs":null}},{"type":"Feature","properties":{"floodplain":"Engineered","watershed":"Humber River"},"geometry":{"type":"Polygon","coordinates":[[[-79.76865,43.76269],[-79.76586,43.76226],[-79.76806,43.76226],[-79.76766,43.76164],[-79.7693,43.76224],[-79.76865,43.76269]]],"crs":null}},{"type":"Feature","properties":{"floodplain":"Engineered","watershed":"Humber River"},"geometry":{"type":"Polygon","coordinates":[[[-79.74556,43.76269],[-79.75068,43.75994],[-79.75236,43.76042],[-79.74556,43.76269]]],"crs":null}},{"type":"Feature","properties":{"floodplain":"Engineered","watershed":"Humber River"},"geometry":{"type":"Polygon","coordinates":[[[-79.73678,43.76538],[-79.73564,43.76453],[-79.73744,43.76364],[-79.74511,43.76284],[-79.73922,43.76384],[-79.73903,43.76468],[-79.7381,43.76397],[-79.73678,43.76484],[-79.73816,43.76528],[-79.73678,43.76538]]],"crs":null}},{"type":"Feature","properties":{"floodplain":"Engineered","watershed":"Humber River"},"geometry":{"type":"Polygon","coordinates":[[[-79.66839,43.7662],[-79.66713,43.7652],[-79.66687,43.76614],[-79.66502,43.76634],[-79.66793,43.764],[-79.66991,43.76571],[-79.66839,43.7662]]],"crs":null}},{"type":"Feature","properties":{"floodplain":"Engineered","watershed":"Humber River"},"geometry":{"type":"Polygon","coordinates":[[[-79.73092,43.76735],[-79.73006,43.76723],[-79.73585,43.76531],[-79.73092,43.76735]]],"crs":null}},{"type":"Feature","properties":{"floodplain":"Engineered","watershed":"Humber River"},"geometry":{"type":"Polygon","coordinates":[[[-79.72886,43.76779],[-79.71636,43.76507],[-79.73008,43.76733],[-79.72886,43.76779]]],"crs":null}},{"type":"Feature","properties":{"floodplain":"Engineered","watershed":"Humber River"},"geometry":{"type":"Polygon","coordinates":[[[-79.75715,43.76941],[-79.75388,43.76875],[-79.75804,43.7689],[-79.75715,43.76941]]],"crs":null}},{"type":"Feature","properties":{"floodplain":"Engineered","watershed":"Humber River"},"geometry":{"type":"Polygon","coordinates":[[[-79.73982,43.76973],[-79.73977,43.7689],[-79.7424,43.7682],[-79.75384,43.76938],[-79.74263,43.76894],[-79.73982,43.76973]]],"crs":null}},{"type":"Feature","properties":{"floodplain":"Engineered","watershed":"Humber River"},"geometry":{"type":"Polygon","coordinates":[[[-79.78219,43.77109],[-79.77723,43.7686],[-79.78354,43.77031],[-79.78219,43.77109]]],"crs":null}},{"type":"Feature","properties":{"floodplain":"Engineered","watershed":"Humber River"},"geometry":{"type":"Polygon","coordinates":[[[-79.76389,43.77079],[-79.75814,43.7694],[-79.76508,43.77064],[-79.76389,43.77079]]],"crs":null}},{"type":"Feature","properties":{"floodplain":"Engineered","watershed":"Humber River"},"geometry":{"type":"Polygon","coordinates":[[[-79.76899,43.77116],[-79.76514,43.77106],[-79.77215,43.77015],[-79.77441,43.76875],[-79.77721,43.76898],[-79.76899,43.77116]]],"crs":null}},{"type":"Feature","properties":{"floodplain":"Engineered","watershed":"Humber River"},"geometry":{"type":"Polygon","coordinates":[[[-79.7333,43.77115],[-79.73377,43.77019],[-79.73965,43.76982],[-79.7333,43.77115]]],"crs":null}},{"type":"Feature","properties":{"floodplain":"Engineered","watershed":"Humber River"},"geometry":{"type":"Polygon","coordinates":[[[-79.79792,43.7733],[-79.78346,43.77106],[-79.79242,43.77122],[-79.79806,43.77281],[-79.8061,43.77074],[-79.81199,43.77114],[-79.81288,43.76899],[-79.82287,43.76732],[-79.82857,43.76436],[-79.83488,43.76477],[-79.84168,43.76751],[-79.84038,43.76868],[-79.83468,43.76593],[-79.8226,43.768],[-79.82312,43.76866],[-79.8204,43.76932],[-79.81363,43.7692],[-79.81266,43.77144],[-79.80601,43.77136],[-79.80597,43.77222],[-79.79792,43.7733]]],"crs":null}},{"type":"Feature","properties":{"floodplain":"Engineered","watershed":"Humber River"},"geometry":{"type":"Polygon","coordinates":[[[-79.68009,43.75593],[-79.67584,43.75965],[-79.67561,43.75885],[-79.67303,43.75935],[-79.67061,43.75772],[-79.67106,43.75586],[-79.67276,43.75476],[-79.66731,43.75345],[-79.66742,43.75674],[-79.6664,43.75749],[-79.66758,43.75886],[-79.66688,43.75874],[-79.66716,43.76071],[-79.66603,43.75754],[-79.66143,43.75653],[-79.66192,43.75222],[-79.65871,43.7518],[-79.65783,43.75462],[-79.65556,43.75559],[-79.65288,43.75441],[-79.65201,43.75036],[-79.64623,43.74948],[-79.64639,43.75042],[-79.65069,43.75227],[-79.65392,43.75713],[-79.65733,43.75728],[-79.65877,43.75877],[-79.66125,43.75905],[-79.6624,43.76078],[-79.66767,43.76345],[-79.66253,43.76177],[-79.66025,43.75912],[-79.65777,43.7598],[-79.65705,43.75818],[-79.6531,43.75755],[-79.65145,43.75406],[-79.64801,43.75175],[-79.64636,43.75369],[-79.64742,43.75651],[-79.64674,43.75745],[-79.64928,43.75925],[-79.64847,43.76058],[-79.64982,43.76054],[-79.65295,43.76453],[-79.6543,43.76847],[-79.65358,43.77004],[-79.65547,43.77247],[-79.65415,43.77322],[-79.65388,43.77183],[-79.65201,43.77134],[-79.65243,43.76977],[-79.65091,43.76927],[-79.65193,43.76872],[-79.65092,43.7683],[-79.65232,43.76617],[-79.65195,43.76486],[-79.64735,43.76053],[-79.64792,43.75933],[-79.64543,43.75772],[-79.64627,43.7559],[-79.64527,43.75373],[-79.64659,43.75271],[-79.64597,43.75159],[-79.64367,43.75044],[-79.64442,43.75004],[-79.6435,43.74924],[-79.64132,43.75084],[-79.64507,43.74759],[-79.6524,43.74737],[-79.65409,43.74876],[-79.65995,43.74971],[-79.66463,43.74759],[-79.66835,43.74766],[-79.67033,43.74891],[-79.66995,43.75121],[-79.67163,43.75123],[-79.6712,43.75222],[-79.67312,43.75127],[-79.67554,43.75182],[-79.67947,43.75387],[-79.67724,43.7533],[-79.67563,43.75513],[-79.68009,43.75593]],[[-79.6651,43.75312],[-79.66459,43.75201],[-79.66358,43.75594],[-79.66296,43.75559],[-79.6638,43.75689],[-79.66639,43.75547],[-79.6651,43.75312]],[[-79.66565,43.75006],[-79.66551,43.75051],[-79.66589,43.75035],[-79.66565,43.75006]],[[-79.65464,43.75373],[-79.65542,43.7545],[-79.65664,43.75371],[-79.65605,43.75262],[-79.65464,43.75373]]],"crs":null}},{"type":"Feature","properties":{"floodplain":"Engineered","watershed":"Humber River"},"geometry":{"type":"Polygon","coordinates":[[[-79.68049,43.77453],[-79.67606,43.7727],[-79.67695,43.77138],[-79.67962,43.771],[-79.67689,43.76842],[-79.67927,43.76605],[-79.6781,43.7633],[-79.68078,43.76182],[-79.67668,43.7603],[-79.68062,43.75675],[-79.67974,43.75851],[-79.68502,43.7608],[-79.6896,43.76097],[-79.69048,43.76244],[-79.69135,43.7615],[-79.69361,43.76229],[-79.69572,43.76119],[-79.70035,43.7628],[-79.70133,43.76423],[-79.70405,43.7639],[-79.70478,43.76505],[-79.70742,43.76404],[-79.7165,43.76558],[-79.7124,43.76611],[-79.70706,43.76496],[-79.70468,43.76579],[-79.70352,43.76451],[-79.70059,43.76487],[-79.69595,43.76187],[-79.69008,43.76289],[-79.68753,43.76156],[-79.68952,43.76645],[-79.69136,43.76634],[-79.69301,43.7645],[-79.69393,43.76541],[-79.69295,43.76612],[-79.69591,43.76518],[-79.6983,43.76752],[-79.70214,43.76653],[-79.70711,43.76749],[-79.71332,43.77072],[-79.71207,43.77158],[-79.70939,43.77087],[-79.70496,43.76829],[-79.70589,43.76928],[-79.7029,43.76932],[-79.7012,43.76819],[-79.69905,43.76965],[-79.69565,43.76653],[-79.69044,43.76841],[-79.68826,43.76651],[-79.68755,43.76331],[-79.68511,43.76355],[-79.68644,43.76404],[-79.68463,43.76465],[-79.68303,43.76342],[-79.68133,43.76368],[-79.68118,43.76466],[-79.68054,43.76374],[-79.68061,43.76626],[-79.67891,43.76639],[-79.67974,43.76737],[-79.678,43.76841],[-79.68033,43.76991],[-79.68051,43.77117],[-79.6779,43.77227],[-79.68467,43.77452],[-79.68049,43.77453]],[[-79.69102,43.76773],[-79.69058,43.76774],[-79.69051,43.76815],[-79.69102,43.76773]],[[-79.69273,43.76598],[-79.69297,43.76526],[-79.69243,43.76558],[-79.69273,43.76598]]],"crs":null}},{"type":"Feature","properties":{"floodplain":"Engineered","watershed":"Humber River"},"geometry":{"type":"Polygon","coordinates":[[[-79.73299,43.77534],[-79.73031,43.7751],[-79.73431,43.77463],[-79.73299,43.77534]]],"crs":null}},{"type":"Feature","properties":{"floodplain":"Engineered","watershed":"Humber River"},"geometry":{"type":"Polygon","coordinates":[[[-79.75246,43.77607],[-79.75182,43.77597],[-79.76008,43.77405],[-79.75246,43.77607]]],"crs":null}},{"type":"Feature","properties":{"floodplain":"Engineered","watershed":"Humber River"},"geometry":{"type":"Polygon","coordinates":[[[-79.66873,43.77514],[-79.66659,43.77382],[-79.66615,43.77222],[-79.67037,43.76878],[-79.66886,43.76745],[-79.67024,43.76607],[-79.67196,43.7687],[-79.67106,43.76961],[-79.67348,43.77079],[-79.67102,43.76971],[-79.66818,43.77136],[-79.66753,43.77272],[-79.66873,43.77514]]],"crs":null}},{"type":"Feature","properties":{"floodplain":"Engineered","watershed":"Humber River"},"geometry":{"type":"Polygon","coordinates":[[[-79.73974,43.77632],[-79.73435,43.77463],[-79.73845,43.77399],[-79.73991,43.77601],[-79.74828,43.77522],[-79.75171,43.7762],[-79.74337,43.77553],[-79.73974,43.77632]]],"crs":null}},{"type":"Feature","properties":{"floodplain":"Engineered","watershed":"Humber River"},"geometry":{"type":"Polygon","coordinates":[[[-79.65714,43.77626],[-79.65422,43.77345],[-79.65704,43.77379],[-79.65888,43.77282],[-79.65709,43.77384],[-79.65918,43.77556],[-79.65714,43.77626]]],"crs":null}},{"type":"Feature","properties":{"floodplain":"Engineered","watershed":"Humber River"},"geometry":{"type":"Polygon","coordinates":[[[-79.73243,43.77761],[-79.72876,43.77704],[-79.73496,43.7775],[-79.73243,43.77761]]],"crs":null}},{"type":"Feature","properties":{"floodplain":"Engineered","watershed":"Humber River"},"geometry":{"type":"Polygon","coordinates":[[[-79.73955,43.77781],[-79.73494,43.77735],[-79.74116,43.77757],[-79.73955,43.77781]]],"crs":null}},{"type":"Feature","properties":{"floodplain":"Engineered","watershed":"Humber River"},"geometry":{"type":"Polygon","coordinates":[[[-79.67455,43.77866],[-79.66898,43.77537],[-79.67276,43.77639],[-79.67531,43.77839],[-79.67455,43.77866]]],"crs":null}},{"type":"Feature","properties":{"floodplain":"Engineered","watershed":"Humber River"},"geometry":{"type":"Polygon","coordinates":[[[-79.75279,43.77938],[-79.7494,43.77756],[-79.74183,43.7772],[-79.74961,43.77732],[-79.7535,43.77939],[-79.75279,43.77938]]],"crs":null}},{"type":"Feature","properties":{"floodplain":"Engineered","watershed":"Humber River"},"geometry":{"type":"Polygon","coordinates":[[[-79.67834,43.78197],[-79.67572,43.78029],[-79.67573,43.77844],[-79.67913,43.78182],[-79.67834,43.78197]]],"crs":null}},{"type":"Feature","properties":{"floodplain":"Engineered","watershed":"Humber River"},"geometry":{"type":"Polygon","coordinates":[[[-79.66448,43.78161],[-79.66446,43.77874],[-79.66081,43.77893],[-79.65926,43.77579],[-79.66066,43.77562],[-79.6612,43.77738],[-79.66384,43.77699],[-79.66576,43.77828],[-79.66529,43.78154],[-79.66749,43.77992],[-79.66538,43.78162],[-79.66657,43.78355],[-79.66448,43.78161]]],"crs":null}},{"type":"Feature","properties":{"floodplain":"Engineered","watershed":"Humber River"},"geometry":{"type":"Polygon","coordinates":[[[-79.74759,43.78582],[-79.73607,43.78377],[-79.73464,43.78075],[-79.73303,43.78158],[-79.73122,43.78053],[-79.7251,43.78084],[-79.71954,43.77652],[-79.71878,43.77434],[-79.71289,43.7717],[-79.71418,43.77072],[-79.71886,43.7722],[-79.73256,43.77112],[-79.73031,43.77255],[-79.72723,43.77163],[-79.72481,43.77293],[-79.72143,43.77241],[-79.71998,43.77319],[-79.72094,43.77441],[-79.72327,43.77375],[-79.72973,43.77491],[-79.72273,43.77415],[-79.72055,43.77525],[-79.72805,43.77725],[-79.72012,43.77589],[-79.72602,43.7796],[-79.73132,43.77993],[-79.733,43.78098],[-79.73332,43.77944],[-79.73771,43.78021],[-79.73674,43.78314],[-79.73885,43.7826],[-79.74069,43.78411],[-79.75077,43.7845],[-79.74759,43.78582]],[[-79.71773,43.77298],[-79.71782,43.77391],[-79.71805,43.77309],[-79.71773,43.77298]],[[-79.72673,43.77171],[-79.72636,43.77135],[-79.72606,43.77174],[-79.72673,43.77171]]],"crs":null}},{"type":"Feature","properties":{"floodplain":"Engineered","watershed":"Humber River"},"geometry":{"type":"Polygon","coordinates":[[[-79.77003,43.78735],[-79.76776,43.78727],[-79.76682,43.78494],[-79.76283,43.78302],[-79.75763,43.78384],[-79.75611,43.78567],[-79.75332,43.78545],[-79.75073,43.7835],[-79.75535,43.78401],[-79.76414,43.7823],[-79.77013,43.78599],[-79.77361,43.78593],[-79.77801,43.78394],[-79.78842,43.78508],[-79.79537,43.78361],[-79.79989,43.77995],[-79.80618,43.77884],[-79.81056,43.77638],[-79.81181,43.7779],[-79.82116,43.78129],[-79.82287,43.78298],[-79.82189,43.78337],[-79.82109,43.78206],[-79.81385,43.77973],[-79.81007,43.77728],[-79.80665,43.77938],[-79.80111,43.78003],[-79.79849,43.7817],[-79.7975,43.78343],[-79.79819,43.78406],[-79.78915,43.78583],[-79.78974,43.78706],[-79.77824,43.78478],[-79.77003,43.78735]]],"crs":null}},{"type":"Feature","properties":{"floodplain":"Engineered","watershed":"Humber River"},"geometry":{"type":"Polygon","coordinates":[[[-79.69543,43.78658],[-79.69192,43.78453],[-79.69335,43.78333],[-79.69042,43.7791],[-79.68691,43.77814],[-79.68151,43.77998],[-79.67969,43.77809],[-79.68288,43.77514],[-79.68465,43.77482],[-79.68233,43.7771],[-79.68377,43.77838],[-79.68971,43.77456],[-79.68992,43.77634],[-79.69361,43.77905],[-79.69195,43.77942],[-79.69334,43.78195],[-79.69807,43.78393],[-79.69543,43.78658]],[[-79.69461,43.78486],[-79.69396,43.78409],[-79.69418,43.78503],[-79.69461,43.78486]]],"crs":null}},{"type":"Feature","properties":{"floodplain":"Engineered","watershed":"Humber River"},"geometry":{"type":"Polygon","coordinates":[[[-79.68996,43.79131],[-79.68903,43.78686],[-79.68488,43.78737],[-79.68138,43.78574],[-79.6824,43.78699],[-79.68149,43.78769],[-79.67864,43.78512],[-79.67879,43.78223],[-79.68017,43.78256],[-79.67946,43.78408],[-79.68397,43.78611],[-79.68621,43.78599],[-79.68734,43.7843],[-79.68885,43.78462],[-79.68909,43.78576],[-79.69052,43.78548],[-79.69029,43.78709],[-79.69188,43.7885],[-79.69053,43.78909],[-79.69103,43.79056],[-79.68996,43.79131]]],"crs":null}},{"type":"Feature","properties":{"floodplain":"Engineered","watershed":"Humber River"},"geometry":{"type":"Polygon","coordinates":[[[-79.67703,43.79179],[-79.67369,43.79018],[-79.67238,43.78771],[-79.66606,43.78543],[-79.66625,43.78383],[-79.67312,43.78687],[-79.67765,43.79085],[-79.67703,43.79179]],[[-79.67036,43.78683],[-79.6708,43.78671],[-79.66998,43.78639],[-79.67036,43.78683]]],"crs":null}},{"type":"Feature","properties":{"floodplain":"Engineered","watershed":"Humber River"},"geometry":{"type":"Polygon","coordinates":[[[-79.74426,43.79787],[-79.73779,43.79672],[-79.73705,43.79556],[-79.7378,43.79438],[-79.73631,43.79421],[-79.73847,43.79313],[-79.73758,43.79335],[-79.73886,43.79397],[-79.73952,43.79617],[-79.74426,43.79787]],[[-79.73893,43.7956],[-79.73871,43.79497],[-79.73844,43.79529],[-79.73893,43.7956]]],"crs":null}},{"type":"Feature","properties":{"floodplain":"Engineered","watershed":"Humber River"},"geometry":{"type":"Polygon","coordinates":[[[-79.68195,43.79753],[-79.67714,43.79202],[-79.67895,43.79169],[-79.68246,43.79601],[-79.68304,43.7974],[-79.68195,43.79753]]],"crs":null}},{"type":"Feature","properties":{"floodplain":"Engineered","watershed":"Humber River"},"geometry":{"type":"Polygon","coordinates":[[[-79.73907,43.80092],[-79.73591,43.80036],[-79.73508,43.79848],[-79.73241,43.79773],[-79.73435,43.79742],[-79.73974,43.80071],[-79.73907,43.80092]]],"crs":null}},{"type":"Feature","properties":{"floodplain":"Engineered","watershed":"Humber River"},"geometry":{"type":"Polygon","coordinates":[[[-79.73099,43.80269],[-79.72893,43.80092],[-79.72956,43.80024],[-79.73168,43.80227],[-79.73099,43.80269]]],"crs":null}},{"type":"Feature","properties":{"floodplain":"Engineered","watershed":"Humber River"},"geometry":{"type":"Polygon","coordinates":[[[-79.78924,43.81193],[-79.78888,43.81036],[-79.78761,43.81056],[-79.78838,43.80907],[-79.78543,43.80908],[-79.78578,43.80538],[-79.78405,43.80567],[-79.78395,43.80204],[-79.77989,43.80109],[-79.77635,43.8028],[-79.77535,43.80166],[-79.76975,43.80133],[-79.7587,43.80319],[-79.7546,43.80134],[-79.75318,43.79871],[-79.75095,43.79889],[-79.75157,43.79809],[-79.75094,43.79851],[-79.75071,43.79745],[-79.74769,43.79928],[-79.74464,43.79745],[-79.74773,43.79891],[-79.75108,43.79687],[-79.75891,43.80214],[-79.77636,43.80032],[-79.78241,43.80105],[-79.7855,43.80253],[-79.78459,43.80337],[-79.78592,43.80403],[-79.78493,43.80413],[-79.79081,43.8102],[-79.79092,43.81145],[-79.78924,43.81193]]],"crs":null}},{"type":"Feature","properties":{"floodplain":"Engineered","watershed":"Humber River"},"geometry":{"type":"Polygon","coordinates":[[[-79.74159,43.83125],[-79.73273,43.82622],[-79.74073,43.82987],[-79.74159,43.83125]]],"crs":null}},{"type":"Feature","properties":{"floodplain":"Engineered","watershed":"Humber River"},"geometry":{"type":"Polygon","coordinates":[[[-79.74474,43.83798],[-79.74144,43.83564],[-79.73938,43.83579],[-79.73899,43.83417],[-79.73641,43.83235],[-79.73276,43.83187],[-79.73331,43.83019],[-79.72965,43.82872],[-79.73011,43.82683],[-79.72897,43.82417],[-79.72485,43.82274],[-79.7237,43.82128],[-79.72373,43.8187],[-79.71671,43.81663],[-79.71436,43.81309],[-79.71682,43.80889],[-79.71461,43.80744],[-79.71547,43.80604],[-79.71274,43.804],[-79.70955,43.80469],[-79.70705,43.80322],[-79.70745,43.8009],[-79.70603,43.80034],[-79.70636,43.79896],[-79.70403,43.79947],[-79.70572,43.79838],[-79.70523,43.79761],[-79.70137,43.80014],[-79.70269,43.79655],[-79.69846,43.79454],[-79.69888,43.79193],[-79.69593,43.78951],[-79.69607,43.7878],[-79.69424,43.78828],[-79.69682,43.78596],[-79.69826,43.78668],[-79.69735,43.78547],[-79.69885,43.78412],[-79.69965,43.78514],[-79.70377,43.78491],[-79.70468,43.78358],[-79.70447,43.78493],[-79.7076,43.78544],[-79.70584,43.78575],[-79.70907,43.78687],[-79.70987,43.78928],[-79.71535,43.79056],[-79.7205,43.78984],[-79.72193,43.7911],[-79.72812,43.78971],[-79.73014,43.7907],[-79.73211,43.78956],[-79.73578,43.7924],[-79.73524,43.79306],[-79.73698,43.79321],[-79.73486,43.79416],[-79.73292,43.7911],[-79.72933,43.79163],[-79.72757,43.79055],[-79.72541,43.79211],[-79.72079,43.79263],[-79.7171,43.79108],[-79.71347,43.79175],[-79.71219,43.79023],[-79.71113,43.79036],[-79.71151,43.79222],[-79.70939,43.79234],[-79.71038,43.79204],[-79.70966,43.7909],[-79.70759,43.79054],[-79.70856,43.78851],[-79.70559,43.78917],[-79.7061,43.78756],[-79.70475,43.78801],[-79.70427,43.78636],[-79.70046,43.78791],[-79.70297,43.78944],[-79.70093,43.78922],[-79.69881,43.78731],[-79.69748,43.78876],[-79.70093,43.79135],[-79.70057,43.79393],[-79.70737,43.79814],[-79.71007,43.7973],[-79.71463,43.79868],[-79.71727,43.79776],[-79.71921,43.79858],[-79.72572,43.79656],[-79.73243,43.79682],[-79.72676,43.7974],[-79.72705,43.79856],[-79.72948,43.79949],[-79.72872,43.80061],[-79.72797,43.79928],[-79.72432,43.79799],[-79.72146,43.79801],[-79.71921,43.79936],[-79.71717,43.79861],[-79.71473,43.79984],[-79.71198,43.79958],[-79.71042,43.79806],[-79.70689,43.79869],[-79.70895,43.8005],[-79.70927,43.80242],[-79.71393,43.80298],[-79.71444,43.80435],[-79.71666,43.8051],[-79.7169,43.80737],[-79.71926,43.80851],[-79.71651,43.81225],[-79.71799,43.81606],[-79.72498,43.81791],[-79.72604,43.81879],[-79.72503,43.81911],[-79.72593,43.81968],[-79.72493,43.82078],[-79.72607,43.82183],[-79.72985,43.82193],[-79.73304,43.82498],[-79.73272,43.82612],[-79.73052,43.82466],[-79.73162,43.82832],[-79.73487,43.83015],[-79.73471,43.83142],[-79.74005,43.83315],[-79.74501,43.83727],[-79.75255,43.83457],[-79.75489,43.83546],[-79.75585,43.83429],[-79.75936,43.83419],[-79.7564,43.83641],[-79.75251,43.83598],[-79.75216,43.83695],[-79.74999,43.83641],[-79.74474,43.83798]],[[-79.7566,43.83482],[-79.75708,43.83432],[-79.75627,43.83446],[-79.7566,43.83482]],[[-79.70144,43.78737],[-79.7016,43.78575],[-79.69966,43.78642],[-79.70144,43.78737]],[[-79.70314,43.78622],[-79.70328,43.7866],[-79.70364,43.78641],[-79.70314,43.78622]],[[-79.71064,43.79022],[-79.71026,43.79058],[-79.71089,43.79053],[-79.71064,43.79022]],[[-79.70299,43.78543],[-79.70405,43.7852],[-79.70282,43.78514],[-79.70299,43.78543]]],"crs":null}},{"type":"Feature","properties":{"floodplain":"Engineered","watershed":"Humber River"},"geometry":{"type":"Polygon","coordinates":[[[-79.76973,43.84227],[-79.76844,43.83906],[-79.76511,43.83839],[-79.75976,43.83441],[-79.76201,43.83402],[-79.764,43.8361],[-79.76541,43.83588],[-79.76594,43.83771],[-79.77011,43.83959],[-79.77602,43.83632],[-79.77123,43.83932],[-79.76997,43.8407],[-79.77052,43.84246],[-79.76973,43.84227]]],"crs":null}},{"type":"Feature","properties":{"floodplain":"Engineered","watershed":"Humber River"},"geometry":{"type":"Polygon","coordinates":[[[-79.74008,43.84502],[-79.73747,43.84374],[-79.73631,43.84125],[-79.73401,43.83961],[-79.73,43.83867],[-79.72509,43.83306],[-79.72511,43.83084],[-79.72226,43.82762],[-79.7189,43.82727],[-79.71799,43.82579],[-79.71727,43.82667],[-79.71567,43.82536],[-79.71533,43.82599],[-79.71439,43.82466],[-79.71529,43.82373],[-79.71219,43.82324],[-79.71186,43.82082],[-79.70772,43.8191],[-79.70286,43.8146],[-79.69727,43.81143],[-79.6957,43.8069],[-79.69624,43.8031],[-79.69566,43.8022],[-79.69454,43.80314],[-79.69417,43.79832],[-79.69191,43.79651],[-79.69188,43.7947],[-79.69035,43.79473],[-79.6906,43.79373],[-79.68951,43.79343],[-79.69105,43.79106],[-79.69336,43.7933],[-79.69452,43.7956],[-79.69303,43.79609],[-79.69748,43.80323],[-79.69844,43.80669],[-79.69673,43.80763],[-79.69866,43.8116],[-79.70602,43.81559],[-79.70816,43.81845],[-79.71261,43.82065],[-79.71274,43.82243],[-79.71565,43.82289],[-79.71691,43.82521],[-79.72466,43.82861],[-79.72708,43.8326],[-79.72609,43.83262],[-79.73048,43.83788],[-79.73493,43.83888],[-79.73742,43.84124],[-79.73953,43.84023],[-79.74429,43.84111],[-79.74379,43.8444],[-79.74286,43.84187],[-79.74114,43.84078],[-79.73731,43.84175],[-79.74063,43.84555],[-79.74008,43.84502]]],"crs":null}},{"type":"Feature","properties":{"floodplain":"Engineered","watershed":"Humber River"},"geometry":{"type":"Polygon","coordinates":[[[-79.73555,43.85662],[-79.73156,43.85348],[-79.73238,43.85138],[-79.72819,43.84689],[-79.72715,43.84669],[-79.72246,43.85062],[-79.72687,43.84646],[-79.72129,43.84337],[-79.72074,43.84158],[-79.7157,43.83658],[-79.71195,43.83597],[-79.71262,43.83235],[-79.70945,43.82973],[-79.71051,43.82743],[-79.70744,43.82361],[-79.70544,43.82286],[-79.70307,43.81806],[-79.7002,43.81632],[-79.69883,43.81672],[-79.6988,43.81825],[-79.69782,43.81527],[-79.69538,43.81436],[-79.69452,43.81193],[-79.69229,43.81102],[-79.69237,43.80934],[-79.69067,43.8074],[-79.69117,43.80619],[-79.68809,43.80474],[-79.68858,43.80269],[-79.68449,43.80099],[-79.68258,43.79925],[-79.6831,43.7981],[-79.68409,43.79814],[-79.6843,43.7999],[-79.68976,43.80174],[-79.68937,43.80399],[-79.69195,43.80544],[-79.69177,43.80763],[-79.69334,43.80917],[-79.69336,43.81097],[-79.69557,43.81167],[-79.6992,43.81582],[-79.70364,43.81742],[-79.70624,43.8224],[-79.70942,43.82456],[-79.70889,43.82535],[-79.71116,43.8268],[-79.71042,43.82959],[-79.71356,43.83171],[-79.71304,43.83235],[-79.71376,43.832],[-79.71295,43.83581],[-79.71655,43.83608],[-79.72301,43.84373],[-79.73334,43.84979],[-79.73286,43.85059],[-79.7347,43.8532],[-79.73327,43.85221],[-79.73253,43.85292],[-79.73606,43.85602],[-79.74002,43.8541],[-79.74067,43.85569],[-79.74615,43.85962],[-79.74057,43.85574],[-79.74005,43.85428],[-79.73911,43.85515],[-79.73813,43.85453],[-79.73394,43.85886],[-79.73801,43.86213],[-79.73381,43.859],[-79.73555,43.85662]]],"crs":null}},{"type":"Feature","properties":{"floodplain":"Engineered","watershed":"Humber River"},"geometry":{"type":"Polygon","coordinates":[[[-79.84073,43.91554],[-79.83796,43.91416],[-79.8356,43.91533],[-79.83417,43.91459],[-79.83777,43.91292],[-79.83335,43.91145],[-79.83395,43.90932],[-79.83223,43.90639],[-79.83296,43.90486],[-79.83127,43.90337],[-79.83179,43.90198],[-79.83112,43.90239],[-79.83226,43.89932],[-79.83166,43.89777],[-79.83285,43.89729],[-79.83177,43.89574],[-79.83298,43.89599],[-79.83331,43.89509],[-79.83176,43.89352],[-79.83274,43.89092],[-79.83081,43.88888],[-79.83212,43.88844],[-79.83219,43.8838],[-79.83049,43.88377],[-79.83116,43.88258],[-79.82853,43.88111],[-79.83183,43.87904],[-79.83557,43.8792],[-79.83516,43.87745],[-79.8321,43.87609],[-79.83706,43.874],[-79.83665,43.87284],[-79.83866,43.8716],[-79.83619,43.87166],[-79.83541,43.86978],[-79.83705,43.86848],[-79.83878,43.86978],[-79.83991,43.86819],[-79.84163,43.86889],[-79.84247,43.86994],[-79.83956,43.87109],[-79.84348,43.87212],[-79.84278,43.87069],[-79.84377,43.87014],[-79.8421,43.86745],[-79.8469,43.86816],[-79.84717,43.86642],[-79.84881,43.86782],[-79.84987,43.86547],[-79.85094,43.8664],[-79.84962,43.86821],[-79.85195,43.86858],[-79.84993,43.8687],[-79.84939,43.87065],[-79.85162,43.87156],[-79.85149,43.87333],[-79.8538,43.8738],[-79.86495,43.86842],[-79.87063,43.8625],[-79.87162,43.86287],[-79.87401,43.86114],[-79.87491,43.85903],[-79.87626,43.86004],[-79.87469,43.86144],[-79.87561,43.86086],[-79.87548,43.86185],[-79.8764,43.86161],[-79.87664,43.86293],[-79.87841,43.86379],[-79.87321,43.86339],[-79.86905,43.86545],[-79.87744,43.86865],[-79.87438,43.86785],[-79.87096,43.87075],[-79.86455,43.86932],[-79.85943,43.87134],[-79.86622,43.87803],[-79.85978,43.87301],[-79.86022,43.87237],[-79.85557,43.8735],[-79.85183,43.87611],[-79.852,43.87414],[-79.84984,43.87467],[-79.85088,43.8728],[-79.84812,43.87247],[-79.84938,43.87105],[-79.84813,43.86999],[-79.84722,43.87073],[-79.84825,43.87115],[-79.84648,43.87215],[-79.84478,43.87056],[-79.84544,43.87441],[-79.84323,43.87565],[-79.84151,43.8759],[-79.84054,43.87375],[-79.84378,43.87298],[-79.83824,43.87276],[-79.83769,43.87413],[-79.841,43.87642],[-79.84701,43.87803],[-79.84165,43.87909],[-79.84098,43.88023],[-79.83942,43.88021],[-79.83939,43.88139],[-79.83633,43.88107],[-79.83666,43.88201],[-79.8351,43.88219],[-79.83256,43.88507],[-79.83326,43.89051],[-79.83879,43.88796],[-79.84013,43.88842],[-79.83598,43.88949],[-79.8332,43.8917],[-79.83302,43.89311],[-79.83495,43.89529],[-79.83407,43.89618],[-79.8347,43.89749],[-79.83349,43.89825],[-79.83289,43.89975],[-79.83413,43.89974],[-79.83183,43.90304],[-79.83639,43.90331],[-79.83668,43.90032],[-79.83551,43.89905],[-79.83896,43.90255],[-79.83776,43.9037],[-79.83929,43.90511],[-79.83979,43.90336],[-79.84094,43.90366],[-79.84059,43.90477],[-79.84198,43.90555],[-79.84069,43.90636],[-79.84127,43.90799],[-79.8484,43.90834],[-79.84513,43.90916],[-79.8393,43.90732],[-79.83833,43.90787],[-79.83897,43.90605],[-79.83415,43.90365],[-79.83302,43.90671],[-79.83524,43.90841],[-79.83431,43.91133],[-79.83872,43.9122],[-79.83961,43.9132],[-79.83867,43.91444],[-79.84073,43.91554]],[[-79.83798,43.90337],[-79.83826,43.90251],[-79.83771,43.90261],[-79.83798,43.90337]],[[-79.83108,43.88165],[-79.83182,43.88106],[-79.83092,43.88088],[-79.83108,43.88165]],[[-79.83303,43.88104],[-79.83366,43.88044],[-79.83215,43.88029],[-79.83303,43.88104]],[[-79.83915,43.87882],[-79.83932,43.87746],[-79.83804,43.87693],[-79.83895,43.87804],[-79.8382,43.87859],[-79.83915,43.87882]],[[-79.83928,43.87682],[-79.84094,43.87715],[-79.83988,43.87583],[-79.83928,43.87682]],[[-79.83572,43.87602],[-79.83522,43.87672],[-79.8359,43.87672],[-79.83572,43.87602]],[[-79.86628,43.86933],[-79.86952,43.86937],[-79.87102,43.8705],[-79.87199,43.86967],[-79.86993,43.86945],[-79.87218,43.86951],[-79.87395,43.86802],[-79.86877,43.86572],[-79.86598,43.86836],[-79.86628,43.86933]],[[-79.87142,43.86613],[-79.87398,43.86782],[-79.87342,43.86696],[-79.87142,43.86613]],[[-79.84807,43.86891],[-79.84839,43.86814],[-79.84698,43.86895],[-79.84807,43.86891]]],"crs":null}},{"type":"Feature","properties":{"floodplain":"Engineered","watershed":"Humber River"},"geometry":{"type":"Polygon","coordinates":[[[-79.80251,43.92714],[-79.8011,43.92647],[-79.80234,43.92563],[-79.80182,43.92398],[-79.80524,43.92007],[-79.80117,43.91813],[-79.80148,43.91582],[-79.79991,43.91619],[-79.79763,43.91361],[-79.79842,43.91201],[-79.79658,43.91117],[-79.7975,43.91077],[-79.79529,43.90949],[-79.79526,43.90836],[-79.79797,43.9064],[-79.79854,43.90736],[-79.80213,43.90628],[-79.80094,43.90463],[-79.80406,43.90251],[-79.79923,43.90113],[-79.79648,43.9034],[-79.795,43.90154],[-79.79309,43.90118],[-79.79416,43.89809],[-79.79567,43.89806],[-79.79349,43.89663],[-79.79225,43.89725],[-79.79329,43.89502],[-79.7916,43.89338],[-79.79307,43.89082],[-79.78662,43.88711],[-79.78797,43.88597],[-79.78761,43.88404],[-79.78906,43.88342],[-79.78892,43.88224],[-79.78576,43.88294],[-79.78231,43.88537],[-79.78092,43.88262],[-79.77821,43.88197],[-79.77727,43.88288],[-79.77792,43.88552],[-79.77646,43.88757],[-79.77469,43.88781],[-79.77178,43.88487],[-79.77301,43.88245],[-79.77507,43.8864],[-79.77597,43.88537],[-79.77559,43.88308],[-79.7788,43.88067],[-79.78185,43.88188],[-79.78283,43.88418],[-79.78459,43.88222],[-79.78722,43.88136],[-79.79366,43.88373],[-79.79645,43.88119],[-79.79347,43.8798],[-79.79552,43.87864],[-79.79501,43.87708],[-79.79852,43.87818],[-79.7983,43.87981],[-79.80166,43.88123],[-79.79987,43.88195],[-79.80199,43.88213],[-79.80197,43.88298],[-79.79677,43.88123],[-79.79508,43.88375],[-79.7898,43.88375],[-79.78858,43.88481],[-79.78905,43.88713],[-79.79068,43.88682],[-79.79199,43.88941],[-79.79451,43.88991],[-79.79281,43.89386],[-79.79709,43.89273],[-79.79687,43.89486],[-79.79432,43.89577],[-79.79737,43.89771],[-79.7947,43.89935],[-79.7944,43.90081],[-79.79692,43.90238],[-79.79951,43.90056],[-79.80528,43.90239],[-79.80396,43.90508],[-79.8047,43.90559],[-79.80192,43.90805],[-79.80045,43.90782],[-79.80056,43.90997],[-79.80259,43.91042],[-79.80303,43.91206],[-79.80182,43.91388],[-79.79975,43.91399],[-79.80333,43.91568],[-79.80332,43.91817],[-79.80524,43.91789],[-79.8063,43.91905],[-79.80575,43.92166],[-79.80222,43.92539],[-79.80777,43.9253],[-79.80861,43.92628],[-79.80251,43.92714]],[[-79.80062,43.91219],[-79.80161,43.91166],[-79.799,43.91093],[-79.79851,43.91206],[-79.80062,43.91219]],[[-79.79514,43.89411],[-79.79415,43.89448],[-79.79572,43.89467],[-79.79514,43.89411]]],"crs":null}},{"type":"Feature","properties":{"floodplain":"Engineered","watershed":"Humber River"},"geometry":{"type":"Polygon","coordinates":[[[-79.92694,43.94509],[-79.92597,43.94385],[-79.92515,43.94453],[-79.92201,43.94302],[-79.91689,43.94377],[-79.91659,43.9449],[-79.91504,43.94387],[-79.91086,43.94404],[-79.91108,43.94077],[-79.90573,43.93981],[-79.90357,43.93851],[-79.90324,43.93766],[-79.9047,43.93682],[-79.90372,43.93591],[-79.89827,43.93465],[-79.89498,43.93615],[-79.88694,43.93635],[-79.89191,43.93353],[-79.8931,43.93013],[-79.8942,43.92987],[-79.89334,43.92775],[-79.89495,43.92716],[-79.89544,43.9255],[-79.8964,43.92614],[-79.89466,43.92881],[-79.89537,43.92964],[-79.89082,43.93537],[-79.89475,43.93584],[-79.89847,43.93439],[-79.90284,43.93531],[-79.9058,43.93171],[-79.90438,43.93017],[-79.90863,43.93059],[-79.91385,43.92299],[-79.9183,43.92178],[-79.91976,43.91914],[-79.92233,43.91891],[-79.92024,43.91697],[-79.92019,43.91578],[-79.92165,43.91558],[-79.92155,43.9177],[-79.92309,43.91844],[-79.92278,43.91924],[-79.91979,43.9192],[-79.91841,43.92184],[-79.91391,43.92312],[-79.91062,43.92777],[-79.91133,43.9282],[-79.90983,43.92938],[-79.91037,43.93023],[-79.90611,43.93065],[-79.90578,43.93346],[-79.90339,43.93517],[-79.90489,43.93789],[-79.9094,43.93697],[-79.91039,43.93782],[-79.91039,43.93679],[-79.91229,43.93774],[-79.9103,43.93856],[-79.90805,43.93739],[-79.9053,43.93833],[-79.90826,43.94064],[-79.91127,43.94053],[-79.91141,43.94246],[-79.91269,43.94248],[-79.91199,43.94329],[-79.91564,43.94371],[-79.92148,43.94256],[-79.92834,43.94412],[-79.92694,43.94509]],[[-79.91181,43.94367],[-79.91197,43.9434],[-79.91173,43.94354],[-79.91181,43.94367]],[[-79.90796,43.93995],[-79.9078,43.93994],[-79.90782,43.94023],[-79.90796,43.93995]],[[-79.90443,43.93736],[-79.90417,43.93714],[-79.90424,43.93736],[-79.90443,43.93736]],[[-79.90906,43.93031],[-79.90925,43.93011],[-79.90889,43.93019],[-79.90906,43.93031]],[[-79.91164,43.92647],[-79.91184,43.92618],[-79.91149,43.92597],[-79.91164,43.92647]],[[-79.89177,43.934],[-79.89167,43.93393],[-79.89158,43.93417],[-79.89177,43.934]],[[-79.89424,43.92959],[-79.89462,43.92883],[-79.894,43.92874],[-79.89424,43.92959]],[[-79.89366,43.92886],[-79.89378,43.92885],[-79.89358,43.92873],[-79.89366,43.92886]],[[-79.89476,43.92755],[-79.89443,43.92769],[-79.89503,43.92769],[-79.89476,43.92755]]],"crs":null}},{"type":"Feature","properties":{"floodplain":"Engineered","watershed":"Humber River"},"geometry":{"type":"MultiPolygon","coordinates":[[[[-79.8724,43.94696],[-79.87008,43.94547],[-79.86608,43.94512],[-79.86509,43.94447],[-79.86556,43.94314],[-79.86201,43.94217],[-79.86459,43.94213],[-79.86571,43.93997],[-79.86537,43.93869],[-79.86299,43.93967],[-79.86166,43.93893],[-79.86288,43.93774],[-79.86588,43.9377],[-79.86415,43.9366],[-79.85594,43.93647],[-79.84901,43.93429],[-79.84305,43.93652],[-79.84351,43.93494],[-79.84516,43.93318],[-79.84729,43.93423],[-79.84801,43.93288],[-79.84527,43.93305],[-79.84905,43.93289],[-79.852,43.9303],[-79.8548,43.92984],[-79.85802,43.92668],[-79.86209,43.92679],[-79.86324,43.92741],[-79.85844,43.92715],[-79.85649,43.92823],[-79.85298,43.93287],[-79.85117,43.93187],[-79.84922,43.93321],[-79.85613,43.9358],[-79.86181,43.93522],[-79.86303,43.93595],[-79.86223,43.93524],[-79.86372,43.93505],[-79.86482,43.93631],[-79.86661,43.93623],[-79.87065,43.92931],[-79.86906,43.92794],[-79.86966,43.92607],[-79.86794,43.92237],[-79.87466,43.92232],[-79.87753,43.91985],[-79.87734,43.9185],[-79.88039,43.91662],[-79.8848,43.91518],[-79.8857,43.91618],[-79.88836,43.91584],[-79.88063,43.9167],[-79.87744,43.91854],[-79.87759,43.91989],[-79.87497,43.92257],[-79.86925,43.92348],[-79.86918,43.92771],[-79.87104,43.92902],[-79.87206,43.92545],[-79.87959,43.92378],[-79.88144,43.92041],[-79.89285,43.91792],[-79.89326,43.91538],[-79.89511,43.91361],[-79.89584,43.90874],[-79.89712,43.90794],[-79.89183,43.90592],[-79.88572,43.90837],[-79.87678,43.90692],[-79.87641,43.908],[-79.87326,43.90895],[-79.87621,43.90788],[-79.87658,43.90671],[-79.88791,43.90749],[-79.89305,43.9047],[-79.90338,43.90752],[-79.90495,43.90692],[-79.90317,43.90768],[-79.89919,43.90592],[-79.89671,43.90743],[-79.89993,43.90916],[-79.90483,43.90926],[-79.89763,43.90851],[-79.89535,43.91197],[-79.89635,43.91352],[-79.89526,43.91288],[-79.89259,43.91874],[-79.88153,43.92047],[-79.88026,43.92129],[-79.88066,43.9228],[-79.87963,43.92392],[-79.87671,43.92542],[-79.87375,43.92488],[-79.87104,43.92868],[-79.87727,43.92752],[-79.87752,43.92903],[-79.87579,43.92833],[-79.87077,43.92923],[-79.86728,43.93672],[-79.87603,43.93784],[-79.8804,43.93664],[-79.88214,43.93789],[-79.88697,43.93677],[-79.88661,43.93803],[-79.88492,43.93834],[-79.88738,43.93955],[-79.88758,43.94109],[-79.89037,43.94123],[-79.89105,43.94281],[-79.89423,43.9434],[-79.89386,43.94403],[-79.89868,43.94369],[-79.89879,43.94488],[-79.89376,43.94422],[-79.89096,43.94304],[-79.89041,43.94159],[-79.8869,43.94109],[-79.88446,43.93845],[-79.88044,43.93738],[-79.8762,43.93848],[-79.87335,43.93725],[-79.8698,43.93784],[-79.87339,43.94154],[-79.87846,43.94212],[-79.87163,43.94094],[-79.87174,43.93918],[-79.86946,43.93715],[-79.86603,43.93744],[-79.86479,43.9422],[-79.8661,43.94372],[-79.87081,43.94506],[-79.87053,43.94603],[-79.87192,43.94676],[-79.87612,43.94616],[-79.8724,43.94696]],[[-79.87549,43.9463],[-79.8754,43.94628],[-79.87536,43.94631],[-79.87549,43.9463]]],[[[-79.87097,43.94658],[-79.87124,43.94665],[-79.87086,43.94625],[-79.87097,43.94658]],[[-79.87096,43.9463],[-79.87136,43.94632],[-79.8717,43.94656],[-79.87096,43.9463]],[[-79.86627,43.94433],[-79.86585,43.94436],[-79.86607,43.94406],[-79.86627,43.94433]],[[-79.86469,43.9428],[-79.86453,43.94266],[-79.86471,43.94249],[-79.86469,43.9428]],[[-79.86526,43.94055],[-79.86527,43.94059],[-79.86509,43.94061],[-79.86526,43.94055]],[[-79.86973,43.93777],[-79.86977,43.93761],[-79.86982,43.93767],[-79.86973,43.93777]],[[-79.87208,43.94064],[-79.8719,43.9405],[-79.87201,43.94029],[-79.87208,43.94064]],[[-79.86783,43.93563],[-79.86779,43.93555],[-79.86789,43.93561],[-79.86783,43.93563]],[[-79.87554,43.92505],[-79.87694,43.9252],[-79.87641,43.92527],[-79.87554,43.92505]],[[-79.87689,43.92499],[-79.8768,43.92472],[-79.87699,43.92492],[-79.87689,43.92499]],[[-79.89522,43.91191],[-79.8952,43.91175],[-79.89543,43.91164],[-79.89522,43.91191]],[[-79.8781,43.90716],[-79.87813,43.90724],[-79.87794,43.90725],[-79.8781,43.90716]]],[[[-79.8536,43.93026],[-79.85431,43.93009],[-79.85164,43.93155],[-79.8536,43.93026]]]],"crs":null}},{"type":"Feature","properties":{"floodplain":"Engineered","watershed":"Humber River"},"geometry":{"type":"Polygon","coordinates":[[[-79.8391,43.94338],[-79.83756,43.94103],[-79.83992,43.9371],[-79.83391,43.93609],[-79.83421,43.935],[-79.83249,43.93423],[-79.83145,43.93538],[-79.83036,43.93441],[-79.82824,43.93579],[-79.82841,43.93502],[-79.82641,43.93455],[-79.82434,43.9377],[-79.82017,43.93762],[-79.82084,43.93664],[-79.81953,43.93598],[-79.8223,43.93494],[-79.8203,43.93369],[-79.82084,43.93308],[-79.82615,43.93376],[-79.82371,43.93209],[-79.82502,43.93057],[-79.82433,43.92921],[-79.81824,43.93009],[-79.81753,43.93251],[-79.82,43.93294],[-79.81791,43.93391],[-79.81671,43.93263],[-79.81739,43.93071],[-79.81608,43.9311],[-79.81697,43.93041],[-79.81499,43.92863],[-79.80934,43.9267],[-79.80913,43.92454],[-79.8142,43.9255],[-79.8173,43.92766],[-79.82545,43.92643],[-79.82615,43.92733],[-79.82742,43.92668],[-79.82779,43.92821],[-79.83312,43.92635],[-79.83333,43.92724],[-79.83511,43.92692],[-79.83653,43.92584],[-79.83372,43.92423],[-79.83398,43.9226],[-79.83233,43.92241],[-79.8344,43.91963],[-79.83325,43.91691],[-79.83446,43.91502],[-79.83372,43.91689],[-79.83581,43.92026],[-79.83344,43.92176],[-79.83514,43.92214],[-79.8354,43.92368],[-79.84056,43.92546],[-79.83976,43.92364],[-79.84205,43.92311],[-79.84062,43.92421],[-79.84311,43.9273],[-79.83879,43.92662],[-79.83145,43.92987],[-79.82941,43.92938],[-79.82802,43.93012],[-79.82856,43.93101],[-79.83056,43.9322],[-79.83509,43.93185],[-79.83433,43.93298],[-79.83971,43.93583],[-79.84297,43.93565],[-79.84141,43.93772],[-79.84372,43.9374],[-79.84515,43.93837],[-79.84563,43.93895],[-79.84415,43.93966],[-79.84713,43.9422],[-79.84966,43.94155],[-79.8541,43.9424],[-79.84607,43.94275],[-79.8462,43.9417],[-79.84323,43.94097],[-79.84438,43.94026],[-79.84104,43.93776],[-79.8391,43.94338]]],"crs":null}},{"type":"Feature","properties":{"floodplain":"Engineered","watershed":"Humber River"},"geometry":{"type":"Polygon","coordinates":[[[-79.85191,43.97261],[-79.8506,43.97067],[-79.85225,43.96934],[-79.85227,43.9676],[-79.85468,43.96724],[-79.85319,43.96491],[-79.85377,43.9634],[-79.85183,43.96307],[-79.84978,43.96104],[-79.84759,43.96137],[-79.84493,43.95778],[-79.83897,43.95642],[-79.83711,43.95496],[-79.83735,43.95332],[-79.83512,43.95358],[-79.83763,43.95288],[-79.83728,43.952],[-79.83927,43.95039],[-79.83814,43.94966],[-79.8392,43.94948],[-79.8379,43.94524],[-79.84,43.94299],[-79.84107,43.94547],[-79.84021,43.94799],[-79.84274,43.94968],[-79.84096,43.95212],[-79.84283,43.95484],[-79.84716,43.9556],[-79.84848,43.95467],[-79.84788,43.95526],[-79.84918,43.95591],[-79.85072,43.95217],[-79.85679,43.95279],[-79.85988,43.95085],[-79.86542,43.95432],[-79.86815,43.95424],[-79.86984,43.95261],[-79.87139,43.95302],[-79.87097,43.95371],[-79.87637,43.95364],[-79.87521,43.95515],[-79.87098,43.95446],[-79.8691,43.95572],[-79.87034,43.95428],[-79.86808,43.9557],[-79.86111,43.9522],[-79.85974,43.95256],[-79.86054,43.95317],[-79.85973,43.95437],[-79.85889,43.95348],[-79.85641,43.95423],[-79.85428,43.95278],[-79.85305,43.9541],[-79.85428,43.95543],[-79.85257,43.95553],[-79.85333,43.95587],[-79.85197,43.95629],[-79.85252,43.95721],[-79.85499,43.95683],[-79.85503,43.95578],[-79.85659,43.95679],[-79.85918,43.95509],[-79.86033,43.95568],[-79.85909,43.95683],[-79.85919,43.95863],[-79.85726,43.95841],[-79.85655,43.9605],[-79.85991,43.96048],[-79.86227,43.96198],[-79.86183,43.96255],[-79.86344,43.96182],[-79.86404,43.96256],[-79.86195,43.96389],[-79.86611,43.96282],[-79.86706,43.96509],[-79.86868,43.96546],[-79.86812,43.96614],[-79.87722,43.9656],[-79.88512,43.96083],[-79.88712,43.95892],[-79.88498,43.95776],[-79.88576,43.95683],[-79.8836,43.9554],[-79.88127,43.95613],[-79.88027,43.95456],[-79.88454,43.95252],[-79.88962,43.95419],[-79.88954,43.95344],[-79.89319,43.95288],[-79.89677,43.9532],[-79.88894,43.95493],[-79.88616,43.95444],[-79.88503,43.95585],[-79.887,43.95753],[-79.88728,43.95896],[-79.88616,43.96005],[-79.88823,43.96055],[-79.89452,43.95464],[-79.8986,43.95479],[-79.89849,43.95593],[-79.9002,43.95714],[-79.90473,43.95497],[-79.90602,43.95246],[-79.9034,43.94997],[-79.90261,43.9471],[-79.90449,43.94887],[-79.90382,43.94936],[-79.90565,43.95223],[-79.90667,43.95167],[-79.9051,43.95487],[-79.90177,43.95774],[-79.89864,43.95631],[-79.89479,43.958],[-79.89091,43.95816],[-79.88901,43.96064],[-79.88345,43.9617],[-79.87759,43.96595],[-79.87478,43.96572],[-79.87385,43.96746],[-79.87698,43.9677],[-79.8699,43.96929],[-79.87133,43.96885],[-79.86865,43.96906],[-79.86849,43.96723],[-79.86585,43.96832],[-79.86519,43.96749],[-79.86595,43.96656],[-79.86249,43.96485],[-79.85981,43.96586],[-79.85939,43.96472],[-79.85845,43.9653],[-79.85439,43.96344],[-79.85357,43.96477],[-79.855,43.96726],[-79.85231,43.96803],[-79.85273,43.97263],[-79.85104,43.973],[-79.85191,43.97261]],[[-79.86493,43.9652],[-79.86469,43.96553],[-79.8651,43.96562],[-79.86493,43.9652]],[[-79.86722,43.96559],[-79.86709,43.96596],[-79.86742,43.96577],[-79.86722,43.96559]],[[-79.872,43.9666],[-79.87225,43.96707],[-79.87283,43.96679],[-79.872,43.9666]],[[-79.89907,43.95643],[-79.89905,43.95652],[-79.89914,43.95647],[-79.89907,43.95643]],[[-79.89977,43.95678],[-79.89988,43.95696],[-79.89995,43.95687],[-79.89977,43.95678]],[[-79.88686,43.95812],[-79.88673,43.95811],[-79.88685,43.95823],[-79.88686,43.95812]],[[-79.89228,43.95352],[-79.89219,43.95353],[-79.89231,43.95359],[-79.89228,43.95352]],[[-79.85663,43.96281],[-79.85693,43.9626],[-79.85624,43.96258],[-79.85663,43.96281]],[[-79.85751,43.96257],[-79.85846,43.96279],[-79.8589,43.96204],[-79.85751,43.96257]],[[-79.85564,43.95899],[-79.85597,43.95817],[-79.85457,43.95731],[-79.85294,43.95795],[-79.85564,43.95899]],[[-79.8518,43.95539],[-79.85254,43.95504],[-79.85174,43.95432],[-79.8518,43.95539]],[[-79.84239,43.95496],[-79.84076,43.95371],[-79.84097,43.95476],[-79.84239,43.95496]]],"crs":null}},{"type":"Feature","properties":{"floodplain":"Engineered","watershed":"Humber River"},"geometry":{"type":"Polygon","coordinates":[[[-79.68471,43.75569],[-79.68613,43.75499],[-79.68527,43.75581],[-79.68471,43.75569]]],"crs":null}},{"type":"Feature","properties":{"floodplain":"Estimated","watershed":"Etobicoke Creek"},"geometry":{"type":"Polygon","coordinates":[[[-79.64671,43.64256],[-79.64673,43.64257],[-79.64671,43.64257],[-79.64671,43.64256]]],"crs":null}},{"type":"Feature","properties":{"floodplain":"Estimated","watershed":"Etobicoke Creek"},"geometry":{"type":"Polygon","coordinates":[[[-79.65602,43.64743],[-79.65328,43.64567],[-79.64934,43.64526],[-79.65232,43.64449],[-79.65557,43.64669],[-79.65709,43.64631],[-79.65602,43.64743]]],"crs":null}},{"type":"Feature","properties":{"floodplain":"Estimated","watershed":"Etobicoke Creek"},"geometry":{"type":"Polygon","coordinates":[[[-79.62879,43.65391],[-79.62778,43.65374],[-79.62949,43.65374],[-79.62879,43.65391]]],"crs":null}},{"type":"Feature","properties":{"floodplain":"Estimated","watershed":"Etobicoke Creek"},"geometry":{"type":"Polygon","coordinates":[[[-79.62665,43.65358],[-79.62657,43.65358],[-79.62657,43.65358],[-79.62665,43.65358]]],"crs":null}},{"type":"Feature","properties":{"floodplain":"Estimated","watershed":"Etobicoke Creek"},"geometry":{"type":"Polygon","coordinates":[[[-79.62641,43.65376],[-79.62642,43.65376],[-79.62642,43.65376],[-79.62641,43.65376]]],"crs":null}},{"type":"Feature","properties":{"floodplain":"Estimated","watershed":"Etobicoke Creek"},"geometry":{"type":"Polygon","coordinates":[[[-79.62647,43.65372],[-79.62697,43.6535],[-79.62763,43.6537],[-79.62647,43.65372]]],"crs":null}},{"type":"Feature","properties":{"floodplain":"Estimated","watershed":"Etobicoke Creek"},"geometry":{"type":"Polygon","coordinates":[[[-79.63567,43.65677],[-79.63158,43.6527],[-79.62972,43.65349],[-79.63128,43.65252],[-79.63437,43.654],[-79.63634,43.65604],[-79.63567,43.65677]]],"crs":null}},{"type":"Feature","properties":{"floodplain":"Estimated","watershed":"Etobicoke Creek"},"geometry":{"type":"Polygon","coordinates":[[[-79.69855,43.67651],[-79.69856,43.67652],[-79.69855,43.67652],[-79.69855,43.67651]]],"crs":null}},{"type":"Feature","properties":{"floodplain":"Estimated","watershed":"Etobicoke Creek"},"geometry":{"type":"Polygon","coordinates":[[[-79.69857,43.67653],[-79.69859,43.67654],[-79.69857,43.67654],[-79.69857,43.67653]]],"crs":null}},{"type":"Feature","properties":{"floodplain":"Estimated","watershed":"Etobicoke Creek"},"geometry":{"type":"Polygon","coordinates":[[[-79.69825,43.67653],[-79.69824,43.67653],[-79.69825,43.67653],[-79.69825,43.67653]]],"crs":null}},{"type":"Feature","properties":{"floodplain":"Estimated","watershed":"Etobicoke Creek"},"geometry":{"type":"Polygon","coordinates":[[[-79.6986,43.67654],[-79.69862,43.67655],[-79.6986,43.67655],[-79.6986,43.67654]]],"crs":null}},{"type":"Feature","properties":{"floodplain":"Estimated","watershed":"Etobicoke Creek"},"geometry":{"type":"Polygon","coordinates":[[[-79.69862,43.67655],[-79.69865,43.67657],[-79.69862,43.67657],[-79.69862,43.67655]]],"crs":null}},{"type":"Feature","properties":{"floodplain":"Estimated","watershed":"Etobicoke Creek"},"geometry":{"type":"Polygon","coordinates":[[[-79.69798,43.67656],[-79.69798,43.67656],[-79.69804,43.67657],[-79.69798,43.67656]]],"crs":null}},{"type":"Feature","properties":{"floodplain":"Estimated","watershed":"Etobicoke Creek"},"geometry":{"type":"Polygon","coordinates":[[[-79.69808,43.67657],[-79.69823,43.67654],[-79.6982,43.67659],[-79.69808,43.67657]]],"crs":null}},{"type":"Feature","properties":{"floodplain":"Estimated","watershed":"Etobicoke Creek"},"geometry":{"type":"Polygon","coordinates":[[[-79.69867,43.67659],[-79.70106,43.67732],[-79.70309,43.67626],[-79.70552,43.67879],[-79.70287,43.67633],[-79.70083,43.67757],[-79.69892,43.67663],[-79.69873,43.67738],[-79.69867,43.67659]]],"crs":null}},{"type":"Feature","properties":{"floodplain":"Estimated","watershed":"Etobicoke Creek"},"geometry":{"type":"Polygon","coordinates":[[[-79.7978,43.71844],[-79.79781,43.71845],[-79.7978,43.71845],[-79.7978,43.71844]]],"crs":null}},{"type":"Feature","properties":{"floodplain":"Estimated","watershed":"Humber River"},"geometry":{"type":"Polygon","coordinates":[[[-79.68111,43.75614],[-79.68446,43.75614],[-79.68752,43.75806],[-79.68009,43.75593],[-79.68111,43.75614]]],"crs":null}},{"type":"Feature","properties":{"floodplain":"Estimated","watershed":"Humber River"},"geometry":{"type":"Polygon","coordinates":[[[-79.78647,43.76732],[-79.78065,43.76385],[-79.77589,43.76305],[-79.77456,43.76365],[-79.77623,43.76384],[-79.77255,43.76395],[-79.77358,43.76464],[-79.77103,43.76413],[-79.77366,43.76173],[-79.77279,43.76318],[-79.78302,43.76338],[-79.78609,43.76501],[-79.78647,43.76732]],[[-79.78569,43.76647],[-79.78527,43.76518],[-79.7843,43.76526],[-79.78569,43.76647]],[[-79.78436,43.76456],[-79.78387,43.76443],[-79.78406,43.76459],[-79.78436,43.76456]]],"crs":null}},{"type":"Feature","properties":{"floodplain":"Estimated","watershed":"Humber River"},"geometry":{"type":"Polygon","coordinates":[[[-79.68649,43.7698],[-79.68208,43.76715],[-79.68101,43.76466],[-79.68621,43.76927],[-79.69054,43.76975],[-79.68935,43.77096],[-79.68649,43.7698]],[[-79.68654,43.76978],[-79.68652,43.76976],[-79.68652,43.76978],[-79.68654,43.76978]]],"crs":null}},{"type":"Feature","properties":{"floodplain":"Estimated","watershed":"Humber River"},"geometry":{"type":"Polygon","coordinates":[[[-79.77423,43.78021],[-79.77054,43.77958],[-79.76849,43.78017],[-79.76773,43.78207],[-79.76496,43.78135],[-79.76379,43.78234],[-79.76494,43.78108],[-79.76729,43.78159],[-79.7686,43.77948],[-79.77298,43.77904],[-79.77501,43.77948],[-79.7744,43.78012],[-79.77657,43.77851],[-79.77825,43.78038],[-79.78994,43.7785],[-79.79131,43.77994],[-79.78645,43.77924],[-79.78635,43.7805],[-79.78089,43.78012],[-79.77821,43.78128],[-79.77423,43.78021]],[[-79.76871,43.7801],[-79.76866,43.78008],[-79.76869,43.78011],[-79.76871,43.7801]]],"crs":null}},{"type":"Feature","properties":{"floodplain":"Estimated","watershed":"Humber River"},"geometry":{"type":"Polygon","coordinates":[[[-79.79658,43.78299],[-79.79658,43.78298],[-79.79659,43.78299],[-79.79658,43.78299]]],"crs":null}},{"type":"Feature","properties":{"floodplain":"Estimated","watershed":"Humber River"},"geometry":{"type":"Polygon","coordinates":[[[-79.80824,43.78437],[-79.80364,43.78452],[-79.80217,43.78371],[-79.80824,43.78437]]],"crs":null}},{"type":"Feature","properties":{"floodplain":"Estimated","watershed":"Humber River"},"geometry":{"type":"MultiPolygon","coordinates":[[[[-79.74184,43.7891],[-79.73312,43.7887],[-79.72191,43.78396],[-79.7202,43.78484],[-79.71558,43.78377],[-79.71153,43.78476],[-79.70938,43.78649],[-79.70766,43.78563],[-79.71397,43.78339],[-79.7207,43.78267],[-79.7207,43.78353],[-79.72164,43.78277],[-79.72728,43.78489],[-79.7295,43.78716],[-79.73192,43.78679],[-79.73457,43.78825],[-79.74511,43.7882],[-79.74514,43.78912],[-79.74184,43.7891]],[[-79.73678,43.78827],[-79.73676,43.78829],[-79.73678,43.78829],[-79.73678,43.78827]],[[-79.73667,43.78866],[-79.73665,43.78874],[-79.7367,43.78872],[-79.73667,43.78866]]],[[[-79.73685,43.78838],[-79.7369,43.78836],[-79.73678,43.78836],[-79.73685,43.78838]],[[-79.73844,43.78852],[-79.73842,43.78863],[-79.73827,43.78865],[-79.73844,43.78852]],[[-79.72762,43.78671],[-79.72755,43.78658],[-79.72774,43.7866],[-79.72762,43.78671]],[[-79.73631,43.78841],[-79.73591,43.78817],[-79.73626,43.78819],[-79.73631,43.78841]]]],"crs":null}},{"type":"Feature","properties":{"floodplain":"Estimated","watershed":"Humber River"},"geometry":{"type":"Polygon","coordinates":[[[-79.76293,43.78907],[-79.76469,43.78936],[-79.76407,43.79042],[-79.76494,43.78936],[-79.76767,43.78948],[-79.76624,43.79014],[-79.76848,43.79113],[-79.76275,43.79064],[-79.76259,43.789],[-79.7591,43.787],[-79.75863,43.78542],[-79.76293,43.78907]]],"crs":null}},{"type":"Feature","properties":{"floodplain":"Estimated","watershed":"Humber River"},"geometry":{"type":"Polygon","coordinates":[[[-79.80822,43.78439],[-79.8117,43.78574],[-79.81102,43.78614],[-79.81183,43.7875],[-79.81716,43.78981],[-79.81731,43.79096],[-79.8181,43.79112],[-79.81787,43.79025],[-79.82022,43.79103],[-79.81922,43.79133],[-79.82013,43.7927],[-79.81217,43.78815],[-79.81068,43.78693],[-79.8111,43.78591],[-79.80893,43.78592],[-79.80822,43.78439]],[[-79.81895,43.79084],[-79.81893,43.79087],[-79.81898,43.79085],[-79.81895,43.79084]]],"crs":null}},{"type":"Feature","properties":{"floodplain":"Estimated","watershed":"Humber River"},"geometry":{"type":"Polygon","coordinates":[[[-79.85743,43.79214],[-79.85839,43.79282],[-79.85722,43.79399],[-79.85447,43.7909],[-79.85617,43.79189],[-79.85482,43.79084],[-79.85402,43.78625],[-79.84823,43.78596],[-79.8545,43.78581],[-79.85462,43.78738],[-79.85834,43.78909],[-79.85681,43.79111],[-79.85743,43.79214]],[[-79.85377,43.78611],[-79.85377,43.78607],[-79.85372,43.78607],[-79.85377,43.78611]]],"crs":null}},{"type":"Feature","properties":{"floodplain":"Estimated","watershed":"Humber River"},"geometry":{"type":"Polygon","coordinates":[[[-79.79555,43.78503],[-79.79555,43.78504],[-79.79555,43.78503],[-79.79555,43.78503]]],"crs":null}},{"type":"Feature","properties":{"floodplain":"Estimated","watershed":"Humber River"},"geometry":{"type":"Polygon","coordinates":[[[-79.80497,43.79267],[-79.80719,43.79356],[-79.80451,43.7933],[-79.80241,43.78895],[-79.79513,43.78522],[-79.80251,43.78881],[-79.80497,43.79267]],[[-79.8019,43.7885],[-79.80182,43.78855],[-79.80192,43.78855],[-79.8019,43.7885]]],"crs":null}},{"type":"Feature","properties":{"floodplain":"Estimated","watershed":"Humber River"},"geometry":{"type":"Polygon","coordinates":[[[-79.78137,43.7943],[-79.77412,43.79045],[-79.7703,43.79126],[-79.77344,43.79306],[-79.76832,43.79165],[-79.77351,43.78991],[-79.77618,43.79147],[-79.77867,43.79128],[-79.78169,43.79315],[-79.78137,43.7943]]],"crs":null}},{"type":"Feature","properties":{"floodplain":"Estimated","watershed":"Humber River"},"geometry":{"type":"Polygon","coordinates":[[[-79.81276,43.79488],[-79.8109,43.79347],[-79.81218,43.79376],[-79.81276,43.79488]]],"crs":null}},{"type":"Feature","properties":{"floodplain":"Estimated","watershed":"Humber River"},"geometry":{"type":"Polygon","coordinates":[[[-79.75212,43.7953],[-79.73758,43.79303],[-79.74895,43.79361],[-79.75307,43.79493],[-79.75212,43.7953]]],"crs":null}},{"type":"Feature","properties":{"floodplain":"Estimated","watershed":"Humber River"},"geometry":{"type":"Polygon","coordinates":[[[-79.80691,43.79384],[-79.81075,43.79354],[-79.81337,43.79668],[-79.81399,43.79565],[-79.81532,43.79586],[-79.81668,43.79748],[-79.81257,43.79696],[-79.80902,43.79408],[-79.80691,43.79384]],[[-79.81624,43.79738],[-79.81624,43.79742],[-79.81626,43.79742],[-79.81624,43.79738]]],"crs":null}},{"type":"Feature","properties":{"floodplain":"Estimated","watershed":"Humber River"},"geometry":{"type":"Polygon","coordinates":[[[-79.84518,43.78548],[-79.84248,43.78486],[-79.84132,43.78582],[-79.84115,43.78819],[-79.83697,43.78968],[-79.83809,43.79232],[-79.84112,43.79367],[-79.84018,43.79472],[-79.84294,43.79841],[-79.84041,43.7969],[-79.83931,43.79498],[-79.84002,43.79423],[-79.83867,43.79327],[-79.83711,43.79393],[-79.83703,43.79186],[-79.83538,43.79104],[-79.83665,43.78826],[-79.83245,43.7883],[-79.83306,43.7862],[-79.83129,43.78275],[-79.82646,43.78435],[-79.82193,43.78347],[-79.82635,43.78396],[-79.83011,43.78191],[-79.83294,43.78235],[-79.8338,43.78275],[-79.83383,43.78652],[-79.83279,43.78746],[-79.83409,43.78834],[-79.84018,43.78575],[-79.84113,43.78414],[-79.8393,43.78222],[-79.84132,43.78107],[-79.84286,43.78321],[-79.84619,43.78463],[-79.84612,43.78569],[-79.84857,43.78642],[-79.84518,43.78548]],[[-79.84537,43.78485],[-79.84532,43.78487],[-79.84537,43.78489],[-79.84537,43.78485]],[[-79.84558,43.78561],[-79.84553,43.78561],[-79.84553,43.78565],[-79.84558,43.78561]],[[-79.84074,43.78634],[-79.84072,43.78626],[-79.84072,43.78634],[-79.84074,43.78634]],[[-79.84544,43.78491],[-79.84537,43.78494],[-79.84549,43.78496],[-79.84544,43.78491]],[[-79.84187,43.78321],[-79.84192,43.78312],[-79.84185,43.78312],[-79.84187,43.78321]],[[-79.84087,43.78749],[-79.84077,43.78742],[-79.84077,43.78751],[-79.84087,43.78749]],[[-79.842,43.78296],[-79.84203,43.7828],[-79.84195,43.78282],[-79.842,43.78296]],[[-79.84033,43.78723],[-79.84018,43.78694],[-79.84008,43.78709],[-79.84033,43.78723]],[[-79.84031,43.78666],[-79.84029,43.78648],[-79.84021,43.7866],[-79.84031,43.78666]]],"crs":null}},{"type":"Feature","properties":{"floodplain":"Estimated","watershed":"Humber River"},"geometry":{"type":"Polygon","coordinates":[[[-79.84051,43.76723],[-79.84054,43.76723],[-79.84054,43.76724],[-79.84051,43.76723]]],"crs":null}},{"type":"Feature","properties":{"floodplain":"Estimated","watershed":"Humber River"},"geometry":{"type":"Polygon","coordinates":[[[-79.84055,43.76725],[-79.84059,43.76725],[-79.84059,43.76726],[-79.84055,43.76725]]],"crs":null}},{"type":"Feature","properties":{"floodplain":"Estimated","watershed":"Humber River"},"geometry":{"type":"Polygon","coordinates":[[[-79.88829,43.79832],[-79.8794,43.80217],[-79.88308,43.80581],[-79.88017,43.80333],[-79.87612,43.80187],[-79.86393,43.79175],[-79.8641,43.78668],[-79.86342,43.78723],[-79.86304,43.78371],[-79.85595,43.78139],[-79.85518,43.78021],[-79.85175,43.77995],[-79.85019,43.77584],[-79.84742,43.77259],[-79.84041,43.76869],[-79.84168,43.76758],[-79.84432,43.76975],[-79.84481,43.7686],[-79.85111,43.77564],[-79.85322,43.77983],[-79.86406,43.78369],[-79.86511,43.79123],[-79.87406,43.79886],[-79.87636,43.79953],[-79.87741,43.80176],[-79.88734,43.79886],[-79.89036,43.79544],[-79.89264,43.79576],[-79.89062,43.79605],[-79.88847,43.79803],[-79.88941,43.79833],[-79.88829,43.79832]],[[-79.86415,43.78664],[-79.86413,43.78662],[-79.86413,43.78664],[-79.86415,43.78664]],[[-79.88351,43.80016],[-79.88344,43.80009],[-79.88344,43.80018],[-79.88351,43.80016]],[[-79.88338,43.80037],[-79.88336,43.80034],[-79.88326,43.80044],[-79.88338,43.80037]],[[-79.86544,43.79208],[-79.86536,43.79213],[-79.86546,43.7922],[-79.86544,43.79208]]],"crs":null}},{"type":"Feature","properties":{"floodplain":"Estimated","watershed":"Humber River"},"geometry":{"type":"Polygon","coordinates":[[[-79.74136,43.80704],[-79.7341,43.80485],[-79.73139,43.80286],[-79.73258,43.80241],[-79.73427,43.80408],[-79.74197,43.80645],[-79.74136,43.80704]]],"crs":null}},{"type":"Feature","properties":{"floodplain":"Estimated","watershed":"Humber River"},"geometry":{"type":"Polygon","coordinates":[[[-79.80021,43.80835],[-79.79753,43.80583],[-79.79459,43.80613],[-79.7935,43.80732],[-79.79165,43.80534],[-79.78728,43.80371],[-79.78585,43.80413],[-79.78761,43.80351],[-79.79404,43.80627],[-79.79783,43.80569],[-79.80021,43.80835]],[[-79.79716,43.80579],[-79.79713,43.80578],[-79.79713,43.80579],[-79.79716,43.80579]],[[-79.79329,43.80653],[-79.79326,43.80655],[-79.79329,43.80655],[-79.79329,43.80653]]],"crs":null}},{"type":"Feature","properties":{"floodplain":"Estimated","watershed":"Humber River"},"geometry":{"type":"Polygon","coordinates":[[[-79.79147,43.8142],[-79.7899,43.81303],[-79.79154,43.8131],[-79.79147,43.8142]]],"crs":null}},{"type":"Feature","properties":{"floodplain":"Estimated","watershed":"Humber River"},"geometry":{"type":"Polygon","coordinates":[[[-79.84147,43.80626],[-79.84133,43.80739],[-79.84001,43.80605],[-79.83862,43.80859],[-79.83676,43.80709],[-79.8372,43.80609],[-79.82963,43.80436],[-79.82026,43.80424],[-79.81593,43.80522],[-79.81964,43.8076],[-79.82203,43.80754],[-79.82133,43.80773],[-79.82462,43.81104],[-79.82993,43.8118],[-79.8323,43.81112],[-79.8306,43.81182],[-79.83228,43.8122],[-79.83189,43.81322],[-79.83339,43.81394],[-79.831,43.81537],[-79.82987,43.81221],[-79.82419,43.81136],[-79.82173,43.81006],[-79.82169,43.80847],[-79.81561,43.80632],[-79.81148,43.80294],[-79.80518,43.80218],[-79.79936,43.79745],[-79.79514,43.7984],[-79.79039,43.79593],[-79.7891,43.79459],[-79.78988,43.79267],[-79.78863,43.79041],[-79.789,43.78699],[-79.78992,43.78705],[-79.79055,43.7892],[-79.78954,43.78993],[-79.79067,43.79536],[-79.7951,43.79746],[-79.79967,43.79686],[-79.80524,43.80155],[-79.813,43.80251],[-79.81562,43.80457],[-79.81928,43.80326],[-79.82419,43.80407],[-79.82459,43.80279],[-79.82556,43.80401],[-79.83453,43.80417],[-79.83579,43.80561],[-79.84322,43.80455],[-79.84147,43.80626]],[[-79.81717,43.80457],[-79.81714,43.80459],[-79.81717,43.80459],[-79.81717,43.80457]],[[-79.81405,43.80376],[-79.81402,43.80375],[-79.81402,43.80376],[-79.81405,43.80376]],[[-79.838,43.80576],[-79.83798,43.80574],[-79.83798,43.80576],[-79.838,43.80576]],[[-79.83795,43.80576],[-79.83793,43.80577],[-79.83795,43.80577],[-79.83795,43.80576]],[[-79.8379,43.80577],[-79.83788,43.80579],[-79.8379,43.80579],[-79.8379,43.80577]],[[-79.8414,43.80633],[-79.84137,43.80635],[-79.8414,43.80635],[-79.8414,43.80633]],[[-79.83785,43.80579],[-79.83783,43.80581],[-79.83785,43.80581],[-79.83785,43.80579]],[[-79.81569,43.80605],[-79.81567,43.80607],[-79.81569,43.80607],[-79.81569,43.80605]],[[-79.79509,43.79804],[-79.79507,43.79807],[-79.79512,43.79806],[-79.79509,43.79804]],[[-79.82256,43.80439],[-79.82254,43.80443],[-79.82256,43.80443],[-79.82256,43.80439]],[[-79.81721,43.80468],[-79.81719,43.80471],[-79.81721,43.80471],[-79.81721,43.80468]],[[-79.8378,43.80581],[-79.83775,43.80583],[-79.8378,43.80583],[-79.8378,43.80581]],[[-79.83962,43.80574],[-79.83952,43.80575],[-79.83962,43.80577],[-79.83962,43.80574]],[[-79.81249,43.80317],[-79.81237,43.80308],[-79.81306,43.80366],[-79.81249,43.80317]],[[-79.83804,43.8066],[-79.83716,43.80672],[-79.83788,43.80694],[-79.83804,43.8066]]],"crs":null}},{"type":"Feature","properties":{"floodplain":"Estimated","watershed":"Humber River"},"geometry":{"type":"Polygon","coordinates":[[[-79.80211,43.81555],[-79.79917,43.81309],[-79.79165,43.81249],[-79.79916,43.8128],[-79.80274,43.81493],[-79.80211,43.81555]]],"crs":null}},{"type":"Feature","properties":{"floodplain":"Estimated","watershed":"Humber River"},"geometry":{"type":"MultiPolygon","coordinates":[[[[-79.74567,43.80332],[-79.74953,43.8054],[-79.75112,43.80909],[-79.75357,43.80943],[-79.75955,43.8076],[-79.76414,43.80961],[-79.76713,43.80909],[-79.7652,43.81002],[-79.76942,43.81163],[-79.77151,43.81403],[-79.7749,43.81353],[-79.77436,43.81421],[-79.77732,43.81548],[-79.77633,43.81635],[-79.77936,43.81683],[-79.77795,43.81887],[-79.77768,43.81739],[-79.77401,43.81453],[-79.77098,43.81421],[-79.76145,43.80861],[-79.7583,43.80809],[-79.75423,43.81014],[-79.75116,43.80953],[-79.7482,43.80492],[-79.74516,43.80406],[-79.74447,43.80261],[-79.74202,43.80296],[-79.73939,43.80102],[-79.74567,43.80332]],[[-79.74536,43.80359],[-79.74534,43.80361],[-79.74539,43.80357],[-79.74536,43.80359]],[[-79.77791,43.81713],[-79.77783,43.81716],[-79.77791,43.81716],[-79.77791,43.81713]]],[[[-79.77826,43.81697],[-79.77831,43.81695],[-79.77821,43.81698],[-79.77826,43.81697]],[[-79.75384,43.8095],[-79.75379,43.80957],[-79.75372,43.80957],[-79.75384,43.8095]],[[-79.75825,43.80809],[-79.75813,43.80802],[-79.75823,43.808],[-79.75825,43.80809]],[[-79.76606,43.81059],[-79.76717,43.81105],[-79.76596,43.81057],[-79.76606,43.81059]]]],"crs":null}},{"type":"Feature","properties":{"floodplain":"Estimated","watershed":"Humber River"},"geometry":{"type":"Polygon","coordinates":[[[-79.79732,43.82098],[-79.79961,43.82095],[-79.79772,43.82109],[-79.80569,43.82555],[-79.80404,43.82593],[-79.80064,43.82303],[-79.79448,43.8201],[-79.79185,43.81996],[-79.79195,43.82128],[-79.7899,43.82183],[-79.79241,43.81684],[-79.78866,43.81512],[-79.78919,43.81392],[-79.78717,43.81413],[-79.78787,43.81275],[-79.78865,43.81231],[-79.79433,43.8165],[-79.79263,43.81689],[-79.79339,43.81859],[-79.79173,43.81946],[-79.79732,43.82098]],[[-79.79258,43.81687],[-79.79256,43.81689],[-79.79258,43.81689],[-79.79258,43.81687]],[[-79.78885,43.81332],[-79.7888,43.8133],[-79.7888,43.81332],[-79.78885,43.81332]],[[-79.79004,43.81483],[-79.78999,43.81487],[-79.79006,43.81492],[-79.79004,43.81483]],[[-79.78982,43.81472],[-79.78972,43.81479],[-79.78981,43.81481],[-79.78982,43.81472]],[[-79.78961,43.81385],[-79.78973,43.81429],[-79.78981,43.81387],[-79.78961,43.81385]],[[-79.79188,43.81829],[-79.79302,43.81843],[-79.79271,43.8179],[-79.79188,43.81829]]],"crs":null}},{"type":"Feature","properties":{"floodplain":"Estimated","watershed":"Humber River"},"geometry":{"type":"Polygon","coordinates":[[[-79.75634,43.82563],[-79.7581,43.82714],[-79.75562,43.826],[-79.754,43.8224],[-79.75403,43.81865],[-79.75107,43.81617],[-79.75297,43.81325],[-79.74646,43.80843],[-79.74103,43.80761],[-79.74167,43.80686],[-79.74667,43.80782],[-79.75201,43.81146],[-79.75869,43.81789],[-79.76139,43.81864],[-79.76124,43.81983],[-79.76497,43.8221],[-79.76474,43.82368],[-79.76787,43.82617],[-79.76405,43.82359],[-79.76382,43.82155],[-79.76147,43.82068],[-79.76075,43.81849],[-79.75824,43.8183],[-79.75354,43.81344],[-79.75147,43.81596],[-79.75448,43.81853],[-79.754,43.81991],[-79.75568,43.82285],[-79.75457,43.82231],[-79.75634,43.82563]],[[-79.75119,43.81617],[-79.75122,43.81613],[-79.75117,43.81613],[-79.75119,43.81617]],[[-79.75166,43.81166],[-79.75161,43.81164],[-79.75159,43.81167],[-79.75166,43.81166]]],"crs":null}},{"type":"Feature","properties":{"floodplain":"Estimated","watershed":"Humber River"},"geometry":{"type":"Polygon","coordinates":[[[-79.8608,43.83403],[-79.85017,43.83168],[-79.84476,43.82719],[-79.84204,43.82644],[-79.83882,43.82794],[-79.83089,43.82529],[-79.82339,43.82498],[-79.82143,43.8258],[-79.82187,43.82489],[-79.82023,43.82379],[-79.81631,43.82452],[-79.81599,43.82549],[-79.81423,43.82511],[-79.81681,43.82682],[-79.81676,43.82806],[-79.81839,43.82755],[-79.81781,43.82886],[-79.81897,43.82965],[-79.83526,43.83322],[-79.83589,43.83549],[-79.83696,43.83549],[-79.83598,43.83582],[-79.83784,43.83656],[-79.83651,43.83678],[-79.83373,43.83387],[-79.83001,43.83232],[-79.82686,43.83189],[-79.8275,43.83319],[-79.82347,43.83058],[-79.81963,43.83127],[-79.81593,43.82971],[-79.81572,43.82673],[-79.80828,43.82062],[-79.79876,43.81896],[-79.79407,43.81608],[-79.80772,43.81968],[-79.81476,43.82463],[-79.82034,43.82296],[-79.8225,43.82473],[-79.8285,43.82541],[-79.83004,43.82447],[-79.83808,43.82676],[-79.84475,43.8248],[-79.84795,43.82667],[-79.84736,43.82787],[-79.85077,43.83039],[-79.85626,43.83168],[-79.85645,43.83255],[-79.85753,43.8318],[-79.8644,43.83306],[-79.86413,43.83414],[-79.8608,43.83403]],[[-79.83566,43.836],[-79.83563,43.83598],[-79.83563,43.83599],[-79.83566,43.836]],[[-79.85316,43.83133],[-79.85311,43.83135],[-79.85316,43.83135],[-79.85316,43.83133]],[[-79.86038,43.8339],[-79.86035,43.83394],[-79.8604,43.83392],[-79.86038,43.8339]],[[-79.85541,43.83187],[-79.85541,43.83184],[-79.85536,43.83184],[-79.85541,43.83187]],[[-79.83937,43.82687],[-79.83932,43.82692],[-79.83937,43.8269],[-79.83937,43.82687]],[[-79.83142,43.83267],[-79.83134,43.83262],[-79.83137,43.83267],[-79.83142,43.83267]],[[-79.83406,43.83362],[-79.83394,43.83356],[-79.83399,43.83362],[-79.83406,43.83362]],[[-79.83571,43.83589],[-79.83566,43.83596],[-79.83581,43.83587],[-79.83571,43.83589]],[[-79.85549,43.83175],[-79.85547,43.8318],[-79.85554,43.83171],[-79.85549,43.83175]],[[-79.8582,43.83332],[-79.85805,43.83336],[-79.85814,43.83352],[-79.8582,43.83332]],[[-79.85834,43.8335],[-79.85846,43.83363],[-79.85867,43.83356],[-79.85834,43.8335]],[[-79.8574,43.83233],[-79.85745,43.83218],[-79.857,43.83194],[-79.8574,43.83233]],[[-79.85633,43.83185],[-79.85576,43.83186],[-79.85573,43.83233],[-79.85633,43.83185]]],"crs":null}},{"type":"Feature","properties":{"floodplain":"Estimated","watershed":"Humber River"},"geometry":{"type":"Polygon","coordinates":[[[-79.77172,43.84358],[-79.77101,43.84329],[-79.78063,43.84202],[-79.77172,43.84358]]],"crs":null}},{"type":"Feature","properties":{"floodplain":"Estimated","watershed":"Humber River"},"geometry":{"type":"Polygon","coordinates":[[[-79.6964,43.84579],[-79.69209,43.84134],[-79.69397,43.84109],[-79.69586,43.84436],[-79.69794,43.8448],[-79.6964,43.84579]]],"crs":null}},{"type":"Feature","properties":{"floodplain":"Estimated","watershed":"Humber River"},"geometry":{"type":"Polygon","coordinates":[[[-79.83384,43.85425],[-79.82966,43.85158],[-79.82799,43.84797],[-79.82321,43.84557],[-79.82292,43.84387],[-79.81852,43.84251],[-79.8143,43.8433],[-79.80645,43.83889],[-79.80302,43.8385],[-79.79943,43.83644],[-79.79746,43.83325],[-79.7961,43.83389],[-79.79539,43.83305],[-79.79645,43.83259],[-79.79518,43.83271],[-79.78985,43.82905],[-79.78577,43.82794],[-79.78464,43.82878],[-79.78529,43.83071],[-79.78314,43.83252],[-79.78034,43.83305],[-79.78989,43.83847],[-79.79839,43.84001],[-79.80305,43.84309],[-79.8062,43.84363],[-79.80667,43.845],[-79.79938,43.84251],[-79.79961,43.8412],[-79.79729,43.84126],[-79.79447,43.83929],[-79.7919,43.83851],[-79.79026,43.8396],[-79.78106,43.83358],[-79.77664,43.83523],[-79.7849,43.83035],[-79.78379,43.82877],[-79.78626,43.82703],[-79.78468,43.82518],[-79.78909,43.82515],[-79.79014,43.82702],[-79.79526,43.83006],[-79.79489,43.83088],[-79.79973,43.83281],[-79.79945,43.83437],[-79.80194,43.83528],[-79.80007,43.83566],[-79.80411,43.83746],[-79.80348,43.838],[-79.80545,43.83775],[-79.81544,43.84226],[-79.82111,43.84209],[-79.82001,43.84265],[-79.82411,43.84378],[-79.82448,43.84567],[-79.82899,43.84784],[-79.83017,43.85111],[-79.83193,43.85145],[-79.83279,43.85294],[-79.83489,43.85285],[-79.83437,43.85387],[-79.83528,43.85432],[-79.83384,43.85425]],[[-79.79097,43.828],[-79.79094,43.82801],[-79.79097,43.82801],[-79.79097,43.828]],[[-79.79913,43.83392],[-79.79911,43.8339],[-79.79911,43.83392],[-79.79913,43.83392]],[[-79.80525,43.83782],[-79.80523,43.8378],[-79.80523,43.83782],[-79.80525,43.83782]],[[-79.7961,43.83992],[-79.79608,43.83994],[-79.7961,43.83994],[-79.7961,43.83992]],[[-79.79778,43.84048],[-79.79776,43.84046],[-79.79776,43.84048],[-79.79778,43.84048]],[[-79.8176,43.84225],[-79.81758,43.84223],[-79.81758,43.84225],[-79.8176,43.84225]],[[-79.80267,43.84344],[-79.80265,43.84346],[-79.80267,43.84346],[-79.80267,43.84344]],[[-79.83394,43.85423],[-79.83391,43.85421],[-79.83391,43.85423],[-79.83394,43.85423]],[[-79.79104,43.82807],[-79.79099,43.82805],[-79.79102,43.82809],[-79.79104,43.82807]],[[-79.81338,43.84179],[-79.81333,43.84177],[-79.81336,43.84181],[-79.81338,43.84179]],[[-79.8134,43.8419],[-79.81338,43.84185],[-79.81338,43.8419],[-79.8134,43.8419]],[[-79.78525,43.82552],[-79.78517,43.8255],[-79.7852,43.82554],[-79.78525,43.82552]],[[-79.79119,43.82827],[-79.79111,43.82821],[-79.79114,43.82827],[-79.79119,43.82827]],[[-79.79111,43.82818],[-79.79104,43.82811],[-79.79107,43.82818],[-79.79111,43.82818]],[[-79.81697,43.84249],[-79.81688,43.84248],[-79.81687,43.84251],[-79.81697,43.84249]],[[-79.82357,43.84366],[-79.82347,43.84362],[-79.82347,43.84366],[-79.82357,43.84366]],[[-79.79793,43.83306],[-79.79783,43.83295],[-79.79788,43.83306],[-79.79793,43.83306]],[[-79.79249,43.83871],[-79.79244,43.83878],[-79.79252,43.83876],[-79.79249,43.83871]],[[-79.83333,43.85359],[-79.8333,43.85354],[-79.83318,43.85352],[-79.83333,43.85359]],[[-79.81583,43.84239],[-79.81568,43.84237],[-79.81593,43.84243],[-79.81583,43.84239]],[[-79.80639,43.84431],[-79.80607,43.84413],[-79.80629,43.84429],[-79.80639,43.84431]],[[-79.80604,43.84411],[-79.80575,43.84394],[-79.80577,43.844],[-79.80604,43.84411]],[[-79.80681,43.8446],[-79.80656,43.84444],[-79.80658,43.84449],[-79.80681,43.8446]],[[-79.78636,43.82703],[-79.78641,43.8269],[-79.78631,43.82696],[-79.78636,43.82703]],[[-79.79775,43.83241],[-79.79747,43.8323],[-79.79752,43.83237],[-79.79775,43.83241]],[[-79.79811,43.84044],[-79.79793,43.84051],[-79.79813,43.84055],[-79.79811,43.84044]],[[-79.80015,43.8364],[-79.79996,43.83616],[-79.79976,43.83608],[-79.80015,43.8364]],[[-79.78993,43.8389],[-79.78978,43.83891],[-79.7902,43.83901],[-79.78993,43.8389]],[[-79.80112,43.84177],[-79.80139,43.84186],[-79.80119,43.84168],[-79.80112,43.84177]],[[-79.79086,43.82958],[-79.79089,43.82935],[-79.79059,43.82942],[-79.79086,43.82958]],[[-79.79186,43.82966],[-79.79201,43.82945],[-79.79164,43.82939],[-79.79186,43.82966]],[[-79.79039,43.82835],[-79.79012,43.82835],[-79.79036,43.82866],[-79.79039,43.82835]],[[-79.7969,43.83222],[-79.79667,43.83171],[-79.79614,43.83191],[-79.7969,43.83222]],[[-79.78916,43.82875],[-79.78953,43.82791],[-79.78867,43.82842],[-79.78916,43.82875]]],"crs":null}},{"type":"Feature","properties":{"floodplain":"Estimated","watershed":"Humber River"},"geometry":{"type":"Polygon","coordinates":[[[-79.79612,43.86362],[-79.78865,43.85882],[-79.78662,43.85871],[-79.7861,43.85966],[-79.78317,43.85809],[-79.78438,43.85724],[-79.78565,43.85844],[-79.78963,43.85874],[-79.79605,43.86333],[-79.802,43.86206],[-79.79612,43.86362]],[[-79.79181,43.86042],[-79.79178,43.8604],[-79.79178,43.86042],[-79.79181,43.86042]]],"crs":null}},{"type":"Feature","properties":{"floodplain":"Estimated","watershed":"Humber River"},"geometry":{"type":"Polygon","coordinates":[[[-79.81664,43.87296],[-79.81544,43.87183],[-79.81824,43.87273],[-79.82065,43.87167],[-79.82053,43.87246],[-79.81664,43.87296]],[[-79.81714,43.87253],[-79.81712,43.87252],[-79.81712,43.87253],[-79.81714,43.87253]],[[-79.81622,43.87261],[-79.8162,43.8726],[-79.8162,43.87261],[-79.81622,43.87261]],[[-79.81654,43.87289],[-79.81652,43.87287],[-79.81652,43.87289],[-79.81654,43.87289]]],"crs":null}},{"type":"Feature","properties":{"floodplain":"Estimated","watershed":"Humber River"},"geometry":{"type":"Polygon","coordinates":[[[-79.7931,43.85047],[-79.79143,43.85098],[-79.79201,43.85149],[-79.79047,43.85282],[-79.78739,43.85349],[-79.7935,43.85305],[-79.79642,43.85505],[-79.79989,43.85559],[-79.80039,43.85675],[-79.7961,43.85512],[-79.79544,43.85576],[-79.79534,43.85432],[-79.79326,43.85383],[-79.78885,43.85425],[-79.78947,43.85553],[-79.78406,43.85337],[-79.78074,43.85531],[-79.78386,43.85736],[-79.78332,43.85788],[-79.77262,43.85184],[-79.77069,43.85362],[-79.77174,43.85489],[-79.7707,43.85686],[-79.77826,43.86103],[-79.77366,43.85945],[-79.77477,43.8611],[-79.77004,43.85653],[-79.76725,43.8589],[-79.76715,43.86008],[-79.76974,43.86267],[-79.76858,43.86183],[-79.76795,43.86362],[-79.76551,43.865],[-79.76908,43.86896],[-79.7685,43.86961],[-79.77414,43.86896],[-79.77799,43.87145],[-79.7824,43.87134],[-79.78139,43.8732],[-79.77359,43.86991],[-79.76829,43.87023],[-79.76697,43.86891],[-79.76647,43.87005],[-79.76629,43.86683],[-79.76312,43.86452],[-79.76347,43.86354],[-79.76421,43.86398],[-79.76355,43.86341],[-79.76596,43.86364],[-79.7675,43.86261],[-79.76802,43.86132],[-79.76597,43.85955],[-79.76734,43.85825],[-79.76683,43.85738],[-79.77063,43.85544],[-79.76882,43.8542],[-79.76913,43.85324],[-79.77071,43.8527],[-79.77054,43.85153],[-79.77235,43.85157],[-79.77159,43.85003],[-79.77311,43.84724],[-79.77043,43.84359],[-79.7747,43.84776],[-79.77218,43.85027],[-79.77831,43.85493],[-79.78127,43.85489],[-79.78292,43.85309],[-79.78806,43.85229],[-79.78491,43.85314],[-79.78691,43.85379],[-79.79227,43.84976],[-79.79654,43.85038],[-79.79995,43.84909],[-79.80871,43.84886],[-79.81591,43.8523],[-79.81914,43.85739],[-79.82474,43.86006],[-79.81864,43.85758],[-79.81668,43.85384],[-79.80947,43.84946],[-79.7931,43.85047]],[[-79.79257,43.85358],[-79.79254,43.85357],[-79.79254,43.85358],[-79.79257,43.85358]],[[-79.79276,43.85368],[-79.79274,43.85369],[-79.79276,43.85369],[-79.79276,43.85368]],[[-79.78691,43.85385],[-79.78689,43.85387],[-79.78691,43.85387],[-79.78691,43.85385]],[[-79.79524,43.8541],[-79.79522,43.85412],[-79.79524,43.85412],[-79.79524,43.8541]],[[-79.77506,43.87023],[-79.77503,43.87027],[-79.77508,43.87025],[-79.77506,43.87023]],[[-79.77339,43.85183],[-79.77327,43.85179],[-79.77327,43.85183],[-79.77339,43.85183]],[[-79.7736,43.84793],[-79.77362,43.84782],[-79.77355,43.8478],[-79.7736,43.84793]],[[-79.79284,43.8535],[-79.79277,43.85366],[-79.79294,43.85341],[-79.79284,43.8535]],[[-79.79252,43.8536],[-79.79246,43.8538],[-79.79259,43.85385],[-79.79252,43.8536]],[[-79.77298,43.85847],[-79.77278,43.85852],[-79.77301,43.85854],[-79.77298,43.85847]],[[-79.799,43.85034],[-79.79886,43.85018],[-79.79885,43.85034],[-79.799,43.85034]],[[-79.78755,43.85335],[-79.78775,43.85328],[-79.78762,43.85314],[-79.78755,43.85335]]],"crs":null}},{"type":"Feature","properties":{"floodplain":"Estimated","watershed":"Humber River"},"geometry":{"type":"Polygon","coordinates":[[[-79.8109,43.87598],[-79.81262,43.87216],[-79.81183,43.87089],[-79.8131,43.87057],[-79.81166,43.86918],[-79.81343,43.87037],[-79.81237,43.87353],[-79.81614,43.87306],[-79.81542,43.87396],[-79.81231,43.87383],[-79.8109,43.87598]]],"crs":null}},{"type":"Feature","properties":{"floodplain":"Estimated","watershed":"Humber River"},"geometry":{"type":"Polygon","coordinates":[[[-79.87651,43.86877],[-79.87986,43.869],[-79.88287,43.86777],[-79.88507,43.86851],[-79.88224,43.86832],[-79.88058,43.86935],[-79.87651,43.86877]],[[-79.88043,43.86906],[-79.88038,43.86904],[-79.88046,43.8691],[-79.88043,43.86906]]],"crs":null}},{"type":"Feature","properties":{"floodplain":"Estimated","watershed":"Humber River"},"geometry":{"type":"Polygon","coordinates":[[[-79.89497,43.87187],[-79.89303,43.86888],[-79.89373,43.86728],[-79.89245,43.86545],[-79.88215,43.8625],[-79.8786,43.86044],[-79.87652,43.86016],[-79.87745,43.86093],[-79.87668,43.86088],[-79.87473,43.85867],[-79.87681,43.85795],[-79.87892,43.85929],[-79.88086,43.85808],[-79.88069,43.86062],[-79.88268,43.86188],[-79.893,43.86531],[-79.89416,43.86723],[-79.89323,43.86893],[-79.89584,43.87423],[-79.89903,43.87403],[-79.90408,43.87718],[-79.90959,43.87518],[-79.91258,43.87785],[-79.90954,43.87536],[-79.90402,43.87752],[-79.89933,43.87443],[-79.89572,43.87438],[-79.89497,43.87187]],[[-79.88023,43.8589],[-79.8802,43.85888],[-79.8802,43.8589],[-79.88023,43.8589]],[[-79.88057,43.859],[-79.88055,43.85898],[-79.88055,43.859],[-79.88057,43.859]],[[-79.91177,43.87747],[-79.91174,43.87748],[-79.91177,43.87748],[-79.91177,43.87747]],[[-79.87991,43.86097],[-79.87984,43.86095],[-79.87984,43.86097],[-79.87991,43.86097]],[[-79.88116,43.86104],[-79.88111,43.861],[-79.88111,43.86104],[-79.88116,43.86104]],[[-79.88312,43.86239],[-79.88305,43.86237],[-79.88305,43.86239],[-79.88312,43.86239]],[[-79.87785,43.86063],[-79.87768,43.86055],[-79.87773,43.86064],[-79.87785,43.86063]],[[-79.88041,43.86087],[-79.88061,43.86083],[-79.88044,43.86078],[-79.88041,43.86087]]],"crs":null}},{"type":"Feature","properties":{"floodplain":"Estimated","watershed":"Humber River"},"geometry":{"type":"Polygon","coordinates":[[[-79.85265,43.8786],[-79.85343,43.87796],[-79.85444,43.87838],[-79.85265,43.8786]]],"crs":null}},{"type":"Feature","properties":{"floodplain":"Estimated","watershed":"Humber River"},"geometry":{"type":"Polygon","coordinates":[[[-79.88623,43.87571],[-79.88546,43.87712],[-79.88031,43.8757],[-79.87818,43.87797],[-79.87657,43.87725],[-79.87753,43.878],[-79.87496,43.87923],[-79.87043,43.87827],[-79.86753,43.87896],[-79.8656,43.87792],[-79.87465,43.87858],[-79.87651,43.87786],[-79.87619,43.87642],[-79.88024,43.87515],[-79.88319,43.87625],[-79.88623,43.87571]],[[-79.88616,43.87576],[-79.88603,43.87589],[-79.88613,43.87583],[-79.88616,43.87576]],[[-79.86628,43.87774],[-79.86628,43.87791],[-79.8665,43.87787],[-79.86628,43.87774]]],"crs":null}},{"type":"Feature","properties":{"floodplain":"Estimated","watershed":"Humber River"},"geometry":{"type":"Polygon","coordinates":[[[-79.85338,43.88026],[-79.85404,43.88241],[-79.8529,43.88076],[-79.8506,43.88027],[-79.84964,43.87837],[-79.84581,43.87794],[-79.84964,43.87806],[-79.85172,43.87638],[-79.85142,43.8777],[-79.85323,43.87805],[-79.8506,43.87757],[-79.85028,43.87879],[-79.85338,43.88026]],[[-79.85138,43.87956],[-79.85136,43.87954],[-79.85136,43.87956],[-79.85138,43.87956]],[[-79.85146,43.87951],[-79.85141,43.87956],[-79.85148,43.87952],[-79.85146,43.87951]],[[-79.85269,43.88029],[-79.85285,43.88065],[-79.85316,43.88039],[-79.85269,43.88029]]],"crs":null}},{"type":"Feature","properties":{"floodplain":"Estimated","watershed":"Humber River"},"geometry":{"type":"Polygon","coordinates":[[[-79.81024,43.87674],[-79.80782,43.8771],[-79.8086,43.8782],[-79.806,43.87733],[-79.80176,43.87914],[-79.79848,43.87917],[-79.80204,43.87877],[-79.80319,43.87712],[-79.80525,43.87747],[-79.80535,43.87621],[-79.80267,43.87459],[-79.8048,43.87388],[-79.80368,43.87497],[-79.8057,43.87589],[-79.80678,43.87565],[-79.80625,43.87463],[-79.81191,43.87694],[-79.81253,43.87578],[-79.81257,43.87758],[-79.81588,43.8788],[-79.81645,43.88111],[-79.8143,43.87825],[-79.81312,43.87845],[-79.8127,43.87963],[-79.81372,43.87988],[-79.8129,43.88072],[-79.81221,43.87912],[-79.81308,43.87814],[-79.81024,43.87674]],[[-79.80534,43.87547],[-79.80529,43.87545],[-79.80531,43.87549],[-79.80534,43.87547]],[[-79.81032,43.87644],[-79.8102,43.87635],[-79.81025,43.87642],[-79.81032,43.87644]],[[-79.8098,43.87634],[-79.8098,43.87629],[-79.80963,43.87627],[-79.8098,43.87634]],[[-79.81057,43.87673],[-79.81069,43.87689],[-79.81074,43.87677],[-79.81057,43.87673]],[[-79.81079,43.87664],[-79.81027,43.87651],[-79.81039,43.87676],[-79.81079,43.87664]]],"crs":null}},{"type":"Feature","properties":{"floodplain":"Estimated","watershed":"Humber River"},"geometry":{"type":"Polygon","coordinates":[[[-79.77483,43.88112],[-79.77263,43.88268],[-79.7744,43.88119],[-79.77166,43.87879],[-79.77243,43.87674],[-79.77466,43.87601],[-79.77334,43.8738],[-79.77541,43.87598],[-79.7726,43.87681],[-79.77186,43.87884],[-79.77483,43.88112]]],"crs":null}},{"type":"Feature","properties":{"floodplain":"Estimated","watershed":"Humber River"},"geometry":{"type":"Polygon","coordinates":[[[-79.72643,43.89126],[-79.72941,43.89263],[-79.73964,43.89082],[-79.74319,43.891],[-79.74429,43.89213],[-79.7342,43.89139],[-79.72936,43.89276],[-79.72643,43.89126]]],"crs":null}},{"type":"Feature","properties":{"floodplain":"Estimated","watershed":"Humber River"},"geometry":{"type":"Polygon","coordinates":[[[-79.78622,43.89751],[-79.78697,43.8973],[-79.78844,43.89758],[-79.78622,43.89751]]],"crs":null}},{"type":"Feature","properties":{"floodplain":"Estimated","watershed":"Humber River"},"geometry":{"type":"Polygon","coordinates":[[[-79.78622,43.89751],[-79.78418,43.89732],[-79.78533,43.8971],[-79.78622,43.89751]]],"crs":null}},{"type":"Feature","properties":{"floodplain":"Estimated","watershed":"Humber River"},"geometry":{"type":"Polygon","coordinates":[[[-79.79215,43.89759],[-79.79302,43.89869],[-79.79231,43.89932],[-79.78844,43.89757],[-79.79368,43.89697],[-79.79215,43.89759]]],"crs":null}},{"type":"Feature","properties":{"floodplain":"Estimated","watershed":"Humber River"},"geometry":{"type":"Polygon","coordinates":[[[-79.79683,43.89298],[-79.79766,43.8918],[-79.80151,43.89261],[-79.8046,43.8901],[-79.805,43.89085],[-79.80279,43.89217],[-79.80291,43.89342],[-79.80465,43.89623],[-79.80925,43.89916],[-79.81084,43.89782],[-79.81217,43.89885],[-79.81158,43.89828],[-79.81398,43.89793],[-79.81212,43.89728],[-79.81451,43.89611],[-79.8173,43.89602],[-79.81872,43.89484],[-79.81741,43.89332],[-79.82002,43.89352],[-79.81892,43.89357],[-79.81957,43.89483],[-79.81431,43.89736],[-79.81293,43.89921],[-79.80981,43.89943],[-79.81221,43.90052],[-79.81133,43.90071],[-79.80463,43.89689],[-79.80243,43.89266],[-79.80015,43.89312],[-79.79764,43.89194],[-79.79683,43.89298]]],"crs":null}},{"type":"Feature","properties":{"floodplain":"Estimated","watershed":"Humber River"},"geometry":{"type":"Polygon","coordinates":[[[-79.75631,43.90195],[-79.75102,43.89667],[-79.74667,43.89624],[-79.74572,43.89742],[-79.74667,43.8984],[-79.74532,43.89752],[-79.74585,43.89614],[-79.74488,43.89611],[-79.74584,43.89564],[-79.74399,43.89245],[-79.74518,43.89234],[-79.74508,43.89359],[-79.74629,43.89409],[-79.74589,43.89564],[-79.75127,43.89635],[-79.75427,43.89847],[-79.75631,43.90195]],[[-79.74893,43.89643],[-79.74901,43.89638],[-79.74878,43.89639],[-79.74893,43.89643]]],"crs":null}},{"type":"Feature","properties":{"floodplain":"Estimated","watershed":"Humber River"},"geometry":{"type":"Polygon","coordinates":[[[-79.8138,43.91085],[-79.80894,43.90979],[-79.80882,43.90833],[-79.80398,43.90599],[-79.80915,43.90776],[-79.80972,43.90919],[-79.81428,43.91028],[-79.8138,43.91085]],[[-79.81235,43.90985],[-79.81237,43.90979],[-79.81227,43.90977],[-79.81235,43.90985]]],"crs":null}},{"type":"Feature","properties":{"floodplain":"Estimated","watershed":"Humber River"},"geometry":{"type":"Polygon","coordinates":[[[-79.77852,43.90027],[-79.77974,43.90143],[-79.77842,43.90133],[-79.77855,43.90268],[-79.77394,43.89792],[-79.77491,43.89659],[-79.7701,43.8931],[-79.76836,43.88937],[-79.76593,43.89005],[-79.7594,43.88897],[-79.75887,43.89066],[-79.76153,43.89224],[-79.76297,43.89571],[-79.766,43.89639],[-79.76713,43.8997],[-79.76567,43.89649],[-79.76314,43.89602],[-79.76261,43.89385],[-79.75894,43.89116],[-79.75921,43.88891],[-79.75797,43.88827],[-79.76593,43.88989],[-79.76841,43.88927],[-79.76853,43.89056],[-79.77085,43.89075],[-79.77023,43.89274],[-79.77116,43.89378],[-79.77467,43.89497],[-79.77309,43.8954],[-79.77521,43.89651],[-79.77446,43.89806],[-79.77852,43.90027]],[[-79.75847,43.8884],[-79.75844,43.88842],[-79.75847,43.88842],[-79.75847,43.8884]],[[-79.75842,43.88842],[-79.75837,43.8884],[-79.75837,43.88842],[-79.75842,43.88842]],[[-79.75862,43.88844],[-79.75852,43.88842],[-79.75852,43.88844],[-79.75862,43.88844]],[[-79.75943,43.88883],[-79.75936,43.88879],[-79.75936,43.88883],[-79.75943,43.88883]],[[-79.77823,43.90093],[-79.77808,43.90097],[-79.7782,43.90111],[-79.77823,43.90093]]],"crs":null}},{"type":"Feature","properties":{"floodplain":"Estimated","watershed":"Humber River"},"geometry":{"type":"Polygon","coordinates":[[[-79.81411,43.90511],[-79.81015,43.90518],[-79.80918,43.90627],[-79.80434,43.90558],[-79.80717,43.90596],[-79.81196,43.90417],[-79.81379,43.90494],[-79.81378,43.90419],[-79.81411,43.90511]],[[-79.81394,43.90473],[-79.81392,43.90471],[-79.81392,43.90473],[-79.81394,43.90473]],[[-79.81392,43.90469],[-79.8139,43.90466],[-79.81389,43.90469],[-79.81392,43.90469]],[[-79.81397,43.90478],[-79.81394,43.90475],[-79.81394,43.90478],[-79.81397,43.90478]],[[-79.81399,43.90484],[-79.81397,43.9048],[-79.81397,43.90484],[-79.81399,43.90484]],[[-79.81402,43.90489],[-79.81399,43.90486],[-79.81399,43.90489],[-79.81402,43.90489]],[[-79.8138,43.90437],[-79.81375,43.90431],[-79.81375,43.90437],[-79.8138,43.90437]],[[-79.81383,43.90442],[-79.81378,43.90439],[-79.8138,43.90448],[-79.81383,43.90442]],[[-79.8139,43.90459],[-79.81382,43.90449],[-79.81387,43.90464],[-79.8139,43.90459]]],"crs":null}},{"type":"Feature","properties":{"floodplain":"Estimated","watershed":"Humber River"},"geometry":{"type":"Polygon","coordinates":[[[-79.8179,43.90999],[-79.81785,43.90884],[-79.81877,43.9088],[-79.82047,43.91121],[-79.81777,43.91426],[-79.81667,43.9132],[-79.8151,43.91421],[-79.81498,43.91274],[-79.81342,43.91247],[-79.81499,43.9084],[-79.8179,43.90999]],[[-79.81495,43.90921],[-79.81493,43.90919],[-79.81493,43.90921],[-79.81495,43.90921]],[[-79.81578,43.91404],[-79.81575,43.91406],[-79.81578,43.91406],[-79.81578,43.91404]],[[-79.81797,43.91007],[-79.8179,43.91003],[-79.81795,43.91008],[-79.81797,43.91007]],[[-79.81819,43.91023],[-79.8181,43.91018],[-79.81817,43.91025],[-79.81819,43.91023]],[[-79.81664,43.91315],[-79.81657,43.913],[-79.81654,43.91309],[-79.81664,43.91315]],[[-79.81868,43.91232],[-79.81802,43.91275],[-79.81846,43.91295],[-79.81868,43.91232]]],"crs":null}},{"type":"Feature","properties":{"floodplain":"Estimated","watershed":"Humber River"},"geometry":{"type":"Polygon","coordinates":[[[-79.79967,43.91593],[-79.79967,43.91592],[-79.79968,43.91593],[-79.79967,43.91593]]],"crs":null}},{"type":"Feature","properties":{"floodplain":"Estimated","watershed":"Humber River"},"geometry":{"type":"Polygon","coordinates":[[[-79.79841,43.9204],[-79.79667,43.918],[-79.79982,43.91606],[-79.79812,43.9189],[-79.80013,43.91924],[-79.79753,43.92066],[-79.79841,43.9204]]],"crs":null}},{"type":"Feature","properties":{"floodplain":"Estimated","watershed":"Humber River"},"geometry":{"type":"Polygon","coordinates":[[[-79.74953,43.92395],[-79.74866,43.92369],[-79.74981,43.92341],[-79.74953,43.92395]]],"crs":null}},{"type":"Feature","properties":{"floodplain":"Estimated","watershed":"Humber River"},"geometry":{"type":"Polygon","coordinates":[[[-79.7407,43.92531],[-79.73978,43.92418],[-79.74327,43.92419],[-79.74459,43.92285],[-79.74727,43.92331],[-79.74706,43.92173],[-79.7493,43.92297],[-79.74379,43.9232],[-79.74415,43.92474],[-79.7407,43.92531]]],"crs":null}},{"type":"Feature","properties":{"floodplain":"Estimated","watershed":"Humber River"},"geometry":{"type":"Polygon","coordinates":[[[-79.80715,43.92647],[-79.80716,43.92647],[-79.80716,43.92648],[-79.80715,43.92647]]],"crs":null}},{"type":"Feature","properties":{"floodplain":"Estimated","watershed":"Humber River"},"geometry":{"type":"Polygon","coordinates":[[[-79.80715,43.92676],[-79.80722,43.92829],[-79.80647,43.92852],[-79.80715,43.92676]]],"crs":null}},{"type":"Feature","properties":{"floodplain":"Estimated","watershed":"Humber River"},"geometry":{"type":"Polygon","coordinates":[[[-79.86757,43.93612],[-79.86757,43.93612],[-79.86757,43.93612],[-79.86757,43.93612]]],"crs":null}},{"type":"Feature","properties":{"floodplain":"Estimated","watershed":"Humber River"},"geometry":{"type":"Polygon","coordinates":[[[-79.82293,43.94051],[-79.82304,43.94125],[-79.81965,43.94224],[-79.81773,43.95119],[-79.81624,43.94992],[-79.81526,43.95127],[-79.81367,43.95097],[-79.80948,43.9485],[-79.8081,43.95165],[-79.80664,43.95239],[-79.80725,43.9544],[-79.8064,43.95442],[-79.80447,43.95365],[-79.80509,43.95254],[-79.80595,43.95298],[-79.80512,43.95223],[-79.80593,43.95154],[-79.80095,43.94882],[-79.80378,43.94952],[-79.80463,43.94843],[-79.81059,43.94818],[-79.81311,43.94904],[-79.81361,43.95052],[-79.81594,43.94966],[-79.81755,43.95027],[-79.81781,43.94738],[-79.81551,43.9476],[-79.81494,43.9463],[-79.81808,43.94628],[-79.81892,43.94524],[-79.81795,43.94378],[-79.81472,43.94333],[-79.81435,43.94181],[-79.81837,43.94027],[-79.81943,43.94203],[-79.82047,43.94137],[-79.82045,43.9395],[-79.81706,43.93721],[-79.81758,43.93857],[-79.8138,43.93972],[-79.81067,43.93792],[-79.81031,43.9408],[-79.80869,43.94193],[-79.81008,43.94261],[-79.80777,43.94187],[-79.80999,43.94051],[-79.81067,43.93772],[-79.81508,43.93797],[-79.81502,43.93696],[-79.81653,43.93632],[-79.81701,43.93716],[-79.8168,43.93422],[-79.81896,43.93424],[-79.81913,43.93693],[-79.81811,43.93695],[-79.82182,43.93985],[-79.82341,43.93875],[-79.82326,43.93762],[-79.8245,43.93768],[-79.82385,43.94043],[-79.82293,43.94051]],[[-79.81791,43.93483],[-79.81788,43.93481],[-79.81788,43.93483],[-79.81791,43.93483]],[[-79.81844,43.93557],[-79.81841,43.93555],[-79.81841,43.93557],[-79.81844,43.93557]],[[-79.81889,43.93646],[-79.81887,43.93644],[-79.81887,43.93646],[-79.81889,43.93646]],[[-79.82195,43.93966],[-79.82192,43.93964],[-79.82192,43.93966],[-79.82195,43.93966]],[[-79.82264,43.93999],[-79.82261,43.94001],[-79.82264,43.94001],[-79.82264,43.93999]],[[-79.82254,43.9401],[-79.82251,43.94011],[-79.82254,43.94011],[-79.82254,43.9401]],[[-79.81903,43.942],[-79.81901,43.94197],[-79.81901,43.942],[-79.81903,43.942]],[[-79.81906,43.94206],[-79.81903,43.94209],[-79.81906,43.94209],[-79.81906,43.94206]],[[-79.8191,43.94227],[-79.81908,43.94231],[-79.8191,43.94231],[-79.8191,43.94227]],[[-79.81908,43.94215],[-79.81906,43.9422],[-79.81908,43.9422],[-79.81908,43.94215]],[[-79.81913,43.94236],[-79.8191,43.94242],[-79.81913,43.94242],[-79.81913,43.94236]],[[-79.81889,43.93435],[-79.81884,43.93431],[-79.81884,43.93435],[-79.81889,43.93435]],[[-79.81922,43.94285],[-79.81919,43.94292],[-79.81922,43.94292],[-79.81922,43.94285]],[[-79.81926,43.94312],[-79.81923,43.94319],[-79.81926,43.94319],[-79.81926,43.94312]],[[-79.80891,43.94228],[-79.80886,43.94231],[-79.80893,43.94231],[-79.80891,43.94228]],[[-79.81915,43.94246],[-79.81912,43.94254],[-79.81915,43.94255],[-79.81915,43.94246]],[[-79.81917,43.94256],[-79.81915,43.94265],[-79.81917,43.94265],[-79.81917,43.94256]],[[-79.81924,43.94298],[-79.81921,43.94307],[-79.81924,43.94307],[-79.81924,43.94298]],[[-79.81919,43.94269],[-79.81917,43.9428],[-79.81919,43.9428],[-79.81919,43.94269]],[[-79.821,43.93959],[-79.82095,43.9397],[-79.82102,43.93974],[-79.821,43.93959]],[[-79.81834,43.93539],[-79.8179,43.93484],[-79.81832,43.93542],[-79.81834,43.93539]],[[-79.82269,43.941],[-79.82262,43.94101],[-79.82281,43.94123],[-79.82269,43.941]],[[-79.822,43.94072],[-79.82175,43.94083],[-79.82197,43.94086],[-79.822,43.94072]],[[-79.81781,43.94223],[-79.81756,43.94228],[-79.81768,43.94235],[-79.81781,43.94223]],[[-79.81854,43.94196],[-79.81861,43.94097],[-79.81793,43.94097],[-79.81854,43.94196]]],"crs":null}},{"type":"Feature","properties":{"floodplain":"Estimated","watershed":"Humber River"},"geometry":{"type":"MultiPolygon","coordinates":[[[[-79.79517,43.94128],[-79.79631,43.94122],[-79.79231,43.94229],[-79.79179,43.94086],[-79.79052,43.94072],[-79.79079,43.94211],[-79.78896,43.94247],[-79.78811,43.9414],[-79.78566,43.94334],[-79.78029,43.94243],[-79.7799,43.94315],[-79.78243,43.94523],[-79.78068,43.94548],[-79.78073,43.94667],[-79.78233,43.9473],[-79.78122,43.94835],[-79.78146,43.9472],[-79.7798,43.9456],[-79.78103,43.94532],[-79.78075,43.94442],[-79.77881,43.94301],[-79.78056,43.94051],[-79.77832,43.93896],[-79.77972,43.93852],[-79.77942,43.93506],[-79.78075,43.93466],[-79.78164,43.93265],[-79.78146,43.93042],[-79.78001,43.92954],[-79.7806,43.92863],[-79.77788,43.92764],[-79.77649,43.92988],[-79.77532,43.92988],[-79.7768,43.92795],[-79.77576,43.92643],[-79.77405,43.92704],[-79.76932,43.92573],[-79.76778,43.92658],[-79.76373,43.92403],[-79.76176,43.92527],[-79.76027,43.92369],[-79.75699,43.92443],[-79.76554,43.92794],[-79.76299,43.92808],[-79.75168,43.92358],[-79.75196,43.92529],[-79.75049,43.92776],[-79.75308,43.93157],[-79.75153,43.93179],[-79.75347,43.93298],[-79.75268,43.93389],[-79.75336,43.93588],[-79.75249,43.93599],[-79.7555,43.9372],[-79.75673,43.93937],[-79.75785,43.93807],[-79.75956,43.93868],[-79.75809,43.9385],[-79.75797,43.93969],[-79.76335,43.93987],[-79.76573,43.93914],[-79.76605,43.93807],[-79.76678,43.93885],[-79.7659,43.93942],[-79.76882,43.94056],[-79.76482,43.94236],[-79.76652,43.94319],[-79.76651,43.9459],[-79.76573,43.94539],[-79.76629,43.94356],[-79.7639,43.94233],[-79.7647,43.94056],[-79.76587,43.94075],[-79.76502,43.93986],[-79.759,43.94168],[-79.76016,43.94097],[-79.75994,43.93973],[-79.75594,43.94021],[-79.7565,43.93966],[-79.75534,43.93885],[-79.7542,43.94001],[-79.75094,43.93988],[-79.74778,43.93834],[-79.74992,43.94072],[-79.74847,43.94141],[-79.7465,43.93753],[-79.74831,43.93804],[-79.75288,43.93517],[-79.75068,43.93192],[-79.75189,43.93118],[-79.74931,43.92953],[-79.7505,43.92868],[-79.74967,43.92793],[-79.75124,43.92519],[-79.75001,43.92345],[-79.75412,43.92341],[-79.75407,43.92216],[-79.75151,43.92087],[-79.75083,43.91874],[-79.74839,43.91893],[-79.74788,43.91797],[-79.74942,43.91576],[-79.74778,43.91457],[-79.74494,43.91464],[-79.74582,43.91303],[-79.74291,43.91266],[-79.74183,43.90867],[-79.73835,43.90812],[-79.73888,43.90646],[-79.7376,43.90497],[-79.73878,43.9042],[-79.73778,43.90336],[-79.73876,43.90302],[-79.73968,43.90427],[-79.73947,43.90716],[-79.74326,43.90686],[-79.74885,43.90991],[-79.75292,43.90956],[-79.753,43.90785],[-79.75465,43.90636],[-79.75669,43.90771],[-79.75648,43.9093],[-79.75631,43.90796],[-79.75475,43.90744],[-79.75342,43.90807],[-79.75291,43.91003],[-79.74916,43.91031],[-79.74453,43.90812],[-79.74265,43.90839],[-79.74407,43.91195],[-79.74662,43.91274],[-79.74552,43.91447],[-79.74759,43.91395],[-79.74976,43.91497],[-79.75059,43.91604],[-79.74984,43.91729],[-79.75156,43.91828],[-79.75219,43.92029],[-79.75714,43.9232],[-79.76422,43.92164],[-79.76451,43.91992],[-79.76704,43.9178],[-79.76648,43.915],[-79.76856,43.91528],[-79.76739,43.91563],[-79.7682,43.91627],[-79.77047,43.91463],[-79.77415,43.91847],[-79.77255,43.91905],[-79.7723,43.91757],[-79.76881,43.91923],[-79.76653,43.91855],[-79.76457,43.92048],[-79.7654,43.92139],[-79.76069,43.92391],[-79.76446,43.92328],[-79.76774,43.92609],[-79.76965,43.92525],[-79.77399,43.92659],[-79.78404,43.92719],[-79.78717,43.92866],[-79.79027,43.92853],[-79.79218,43.92997],[-79.79392,43.92914],[-79.79365,43.9302],[-79.79212,43.93042],[-79.78927,43.92865],[-79.7888,43.9294],[-79.78299,43.92865],[-79.78214,43.92756],[-79.77895,43.92778],[-79.78268,43.93045],[-79.78144,43.9351],[-79.78009,43.93532],[-79.77982,43.93767],[-79.78161,43.93872],[-79.78124,43.93974],[-79.78665,43.94115],[-79.79048,43.94029],[-79.78958,43.94138],[-79.79108,43.94021],[-79.79517,43.94128]],[[-79.78196,43.94748],[-79.78193,43.94749],[-79.78196,43.94749],[-79.78196,43.94748]],[[-79.76476,43.94243],[-79.76474,43.94245],[-79.76476,43.94245],[-79.76476,43.94243]],[[-79.76517,43.94308],[-79.76515,43.9431],[-79.76517,43.9431],[-79.76517,43.94308]],[[-79.75307,43.90807],[-79.75305,43.90805],[-79.75305,43.90807],[-79.75307,43.90807]],[[-79.74934,43.91005],[-79.74932,43.91006],[-79.74934,43.91006],[-79.74934,43.91005]],[[-79.76706,43.91813],[-79.76704,43.91811],[-79.76704,43.91813],[-79.76706,43.91813]],[[-79.75194,43.93111],[-79.75192,43.93112],[-79.75194,43.93112],[-79.75194,43.93111]],[[-79.78196,43.93264],[-79.78194,43.93262],[-79.78194,43.93264],[-79.78196,43.93264]],[[-79.7603,43.92363],[-79.76027,43.92367],[-79.76032,43.92365],[-79.7603,43.92363]],[[-79.76035,43.92362],[-79.76032,43.92358],[-79.76032,43.92362],[-79.76035,43.92362]],[[-79.79333,43.9407],[-79.79334,43.94066],[-79.79329,43.94066],[-79.79333,43.9407]],[[-79.74656,43.90876],[-79.74653,43.90877],[-79.74658,43.90879],[-79.74656,43.90876]],[[-79.76748,43.91842],[-79.76736,43.91836],[-79.76753,43.91847],[-79.76748,43.91842]],[[-79.74999,43.92777],[-79.74997,43.92783],[-79.75005,43.92774],[-79.74999,43.92777]],[[-79.74624,43.90854],[-79.74621,43.90859],[-79.74634,43.90861],[-79.74624,43.90854]],[[-79.75104,43.91003],[-79.75086,43.91004],[-79.75096,43.91008],[-79.75104,43.91003]],[[-79.76882,43.91611],[-79.76892,43.91609],[-79.76895,43.916],[-79.76882,43.91611]],[[-79.7926,43.94141],[-79.79257,43.9415],[-79.79269,43.94154],[-79.7926,43.94141]],[[-79.76723,43.94001],[-79.76721,43.94008],[-79.76743,43.9399],[-79.76723,43.94001]],[[-79.76117,43.92354],[-79.76092,43.92337],[-79.76077,43.92359],[-79.76117,43.92354]],[[-79.74898,43.93815],[-79.74879,43.93795],[-79.74856,43.93804],[-79.74898,43.93815]],[[-79.78191,43.9326],[-79.78156,43.93175],[-79.7813,43.93223],[-79.78191,43.9326]],[[-79.74224,43.90795],[-79.743,43.90733],[-79.7422,43.90734],[-79.74224,43.90795]],[[-79.76949,43.91734],[-79.77064,43.91624],[-79.76891,43.91665],[-79.76949,43.91734]],[[-79.75248,43.93743],[-79.75291,43.9385],[-79.75502,43.93863],[-79.75502,43.93752],[-79.75248,43.93743]]],[[[-79.75391,43.95018],[-79.75316,43.94945],[-79.7563,43.95019],[-79.75573,43.95148],[-79.75683,43.95009],[-79.75962,43.95037],[-79.75837,43.9514],[-79.75916,43.95211],[-79.76356,43.95252],[-79.76528,43.95371],[-79.76171,43.95253],[-79.76124,43.95377],[-79.75756,43.95231],[-79.758,43.95114],[-79.75522,43.95214],[-79.75391,43.95018]],[[-79.75432,43.94972],[-79.7543,43.94975],[-79.75435,43.94973],[-79.75432,43.94972]],[[-79.75665,43.95167],[-79.75657,43.95169],[-79.75665,43.95169],[-79.75665,43.95167]],[[-79.75404,43.95018],[-79.75401,43.95011],[-79.75401,43.95018],[-79.75404,43.95018]],[[-79.75618,43.95141],[-79.75611,43.95134],[-79.7561,43.95137],[-79.75618,43.95141]],[[-79.75714,43.9509],[-79.75697,43.95074],[-79.75701,43.95093],[-79.75714,43.9509]]]],"crs":null}},{"type":"Feature","properties":{"floodplain":"Estimated","watershed":"Humber River"},"geometry":{"type":"Polygon","coordinates":[[[-79.78754,43.95488],[-79.78246,43.95236],[-79.78132,43.94952],[-79.78276,43.94723],[-79.78431,43.94826],[-79.78164,43.94943],[-79.78265,43.95236],[-79.78704,43.95371],[-79.78754,43.95488]],[[-79.78406,43.95292],[-79.78404,43.9529],[-79.78404,43.95292],[-79.78406,43.95292]]],"crs":null}},{"type":"Feature","properties":{"floodplain":"Estimated","watershed":"Humber River"},"geometry":{"type":"Polygon","coordinates":[[[-79.69677,43.84925],[-79.69677,43.84925],[-79.69677,43.84925],[-79.69677,43.84925]]],"crs":null}},{"type":"Feature","properties":{"floodplain":"Estimated","watershed":"Humber River"},"geometry":{"type":"Polygon","coordinates":[[[-79.72553,43.85337],[-79.72646,43.85542],[-79.72956,43.85687],[-79.72911,43.85797],[-79.72741,43.85838],[-79.72846,43.8569],[-79.72468,43.85486],[-79.72408,43.85232],[-79.72553,43.85337]],[[-79.72626,43.85529],[-79.72628,43.85532],[-79.72631,43.85527],[-79.72626,43.85529]],[[-79.72588,43.85557],[-79.726,43.85559],[-79.726,43.85555],[-79.72588,43.85557]],[[-79.72712,43.85596],[-79.72712,43.85598],[-79.72714,43.85598],[-79.72712,43.85596]]],"crs":null}},{"type":"Feature","properties":{"floodplain":"Estimated","watershed":"Humber River"},"geometry":{"type":"Polygon","coordinates":[[[-79.79841,43.78387],[-79.80174,43.78383],[-79.80216,43.78421],[-79.79841,43.78387]]],"crs":null}},{"type":"Feature","properties":{"floodplain":"Estimated","watershed":"Humber River"},"geometry":{"type":"Polygon","coordinates":[[[-79.79846,43.7838],[-79.79849,43.78377],[-79.79849,43.7838],[-79.79846,43.7838]]],"crs":null}},{"type":"Feature","properties":{"floodplain":"Estimated","watershed":"Humber River"},"geometry":{"type":"Polygon","coordinates":[[[-79.79814,43.78405],[-79.79818,43.78406],[-79.79813,43.78406],[-79.79814,43.78405]]],"crs":null}},{"type":"Feature","properties":{"floodplain":"Estimated","watershed":"Humber River"},"geometry":{"type":"Polygon","coordinates":[[[-79.7985,43.78376],[-79.79849,43.78367],[-79.79856,43.78365],[-79.7985,43.78376]]],"crs":null}},{"type":"Feature","properties":{"floodplain":"Estimated","watershed":"Humber River"},"geometry":{"type":"Polygon","coordinates":[[[-79.72558,43.85341],[-79.7256,43.85341],[-79.7256,43.85342],[-79.72558,43.85341]]],"crs":null}},{"type":"Feature","properties":{"floodplain":"Estimated","watershed":"Humber River"},"geometry":{"type":"Polygon","coordinates":[[[-79.72556,43.85339],[-79.72558,43.85339],[-79.72558,43.8534],[-79.72556,43.85339]]],"crs":null}},{"type":"Feature","properties":{"floodplain":"Estimated","watershed":"Humber River"},"geometry":{"type":"Polygon","coordinates":[[[-79.72553,43.85337],[-79.72555,43.85337],[-79.72555,43.85338],[-79.72553,43.85337]]],"crs":null}},{"type":"Feature","properties":{"floodplain":"Estimated","watershed":"Humber River"},"geometry":{"type":"Polygon","coordinates":[[[-79.72561,43.85342],[-79.72565,43.85343],[-79.72587,43.85361],[-79.72561,43.85342]]],"crs":null}},{"type":"Feature","properties":{"floodplain":"Engineered","watershed":"Etobicoke Creek"},"geometry":{"type":"Polygon","coordinates":[[[-79.73665,43.69926],[-79.73058,43.69891],[-79.74383,43.69756],[-79.74249,43.69916],[-79.74146,43.69844],[-79.73665,43.69926]],[[-79.73719,43.69901],[-79.73662,43.69808],[-79.73565,43.69904],[-79.73719,43.69901]]],"crs":null}},{"type":"Feature","properties":{"floodplain":"Engineered","watershed":"Etobicoke Creek"},"geometry":{"type":"Polygon","coordinates":[[[-79.73589,43.71331],[-79.7372,43.71459],[-79.73594,43.71345],[-79.73589,43.71331]]],"crs":null}},{"type":"Feature","properties":{"floodplain":"Engineered","watershed":"Etobicoke Creek"},"geometry":{"type":"Polygon","coordinates":[[[-79.72566,43.70069],[-79.72373,43.69918],[-79.72487,43.70002],[-79.72865,43.69896],[-79.72774,43.70188],[-79.72619,43.7008],[-79.7289,43.70296],[-79.72566,43.70069]],[[-79.72652,43.70032],[-79.72493,43.70006],[-79.72594,43.70063],[-79.72652,43.70032]]],"crs":null}},{"type":"Feature","properties":{"floodplain":"Engineered","watershed":"Humber River"},"geometry":{"type":"Polygon","coordinates":[[[-79.69756,43.8505],[-79.69629,43.84938],[-79.698,43.85068],[-79.69756,43.8505]]],"crs":null}},{"type":"Feature","properties":{"floodplain":"Engineered","watershed":"Humber River"},"geometry":{"type":"MultiPolygon","coordinates":[[[[-79.7227,43.89576],[-79.72116,43.89291],[-79.72273,43.89162],[-79.72035,43.89107],[-79.71728,43.88619],[-79.72398,43.88456],[-79.72545,43.88217],[-79.7313,43.88412],[-79.73082,43.88226],[-79.73208,43.88222],[-79.73416,43.87916],[-79.73625,43.88017],[-79.73818,43.87873],[-79.74324,43.87962],[-79.74465,43.87874],[-79.74557,43.87976],[-79.74821,43.87794],[-79.75281,43.87757],[-79.75101,43.87805],[-79.7512,43.87901],[-79.75385,43.87911],[-79.75069,43.88013],[-79.75048,43.88137],[-79.75568,43.88084],[-79.75747,43.88236],[-79.75587,43.88494],[-79.75853,43.88565],[-79.75818,43.88409],[-79.76014,43.88095],[-79.76309,43.87906],[-79.76832,43.88118],[-79.76542,43.88443],[-79.7673,43.88582],[-79.76835,43.88598],[-79.76713,43.88346],[-79.76949,43.88196],[-79.77216,43.88308],[-79.77157,43.88465],[-79.77064,43.88285],[-79.76924,43.88429],[-79.77023,43.88776],[-79.76733,43.888],[-79.76402,43.88453],[-79.76638,43.88133],[-79.76291,43.88051],[-79.76011,43.88363],[-79.76041,43.88656],[-79.75831,43.88837],[-79.7578,43.88622],[-79.75311,43.88539],[-79.75509,43.88229],[-79.74965,43.88242],[-79.74866,43.87944],[-79.74557,43.88183],[-79.74301,43.88101],[-79.73515,43.88257],[-79.73301,43.88536],[-79.72709,43.88508],[-79.71927,43.88779],[-79.72057,43.89018],[-79.72358,43.88935],[-79.72511,43.89113],[-79.72648,43.89103],[-79.72154,43.89339],[-79.7227,43.89576]]],[[[-79.73345,43.90569],[-79.73238,43.90528],[-79.73197,43.90229],[-79.73015,43.90371],[-79.72815,43.90217],[-79.72657,43.90279],[-79.72589,43.90154],[-79.72843,43.90086],[-79.72998,43.90237],[-79.73213,43.90151],[-79.73332,43.90235],[-79.73263,43.90326],[-79.73354,43.90468],[-79.73555,43.90319],[-79.73854,43.90401],[-79.73607,43.90395],[-79.73345,43.90569]]]],"crs":null}},{"type":"Feature","properties":{"floodplain":"Estimated","watershed":"Humber River"},"geometry":{"type":"Polygon","coordinates":[[[-79.70673,43.85352],[-79.70057,43.85104],[-79.69928,43.84942],[-79.69602,43.84891],[-79.69522,43.8475],[-79.69706,43.84756],[-79.69686,43.84892],[-79.70009,43.84909],[-79.70073,43.85059],[-79.70732,43.85297],[-79.70673,43.85352]]],"crs":null}},{"type":"Feature","properties":{"floodplain":"Engineered","watershed":"Mimico Creek"},"geometry":{"type":"Polygon","coordinates":[[[-79.61335,43.70249],[-79.61154,43.70101],[-79.61408,43.70132],[-79.61335,43.70249]]],"crs":null}},{"type":"Feature","properties":{"floodplain":"Engineered","watershed":"Mimico Creek"},"geometry":{"type":"Polygon","coordinates":[[[-79.71259,43.72499],[-79.70899,43.72409],[-79.70979,43.72404],[-79.71259,43.72499]]],"crs":null}},{"type":"Feature","properties":{"floodplain":"Engineered","watershed":"Mimico Creek"},"geometry":{"type":"Polygon","coordinates":[[[-79.70367,43.72595],[-79.70058,43.72411],[-79.69959,43.72513],[-79.69713,43.72503],[-79.68318,43.71824],[-79.67838,43.71913],[-79.67925,43.71823],[-79.67622,43.71796],[-79.67737,43.71682],[-79.67934,43.71815],[-79.68064,43.71709],[-79.67989,43.71779],[-79.68326,43.71748],[-79.69742,43.72468],[-79.70864,43.72393],[-79.70367,43.72595]]],"crs":null}},{"type":"Feature","properties":{"floodplain":"Engineered","watershed":"Mimico Creek"},"geometry":{"type":"Polygon","coordinates":[[[-79.64863,43.74309],[-79.64794,43.74295],[-79.64954,43.74054],[-79.64822,43.73979],[-79.64676,43.73945],[-79.64749,43.73996],[-79.64676,43.74055],[-79.64519,43.73883],[-79.644,43.73991],[-79.64625,43.74209],[-79.64271,43.73985],[-79.64586,43.73808],[-79.64514,43.73571],[-79.64372,43.73668],[-79.64563,43.73506],[-79.64505,43.73422],[-79.64426,43.73375],[-79.64353,43.73542],[-79.64077,43.73616],[-79.6458,43.73116],[-79.64273,43.72984],[-79.64141,43.72669],[-79.64127,43.7276],[-79.64022,43.72693],[-79.64159,43.72648],[-79.64147,43.72489],[-79.63865,43.72415],[-79.63991,43.7233],[-79.63883,43.72266],[-79.63726,43.72291],[-79.63747,43.72096],[-79.63047,43.71783],[-79.63197,43.71392],[-79.63371,43.71296],[-79.63102,43.71158],[-79.62989,43.71256],[-79.62651,43.71129],[-79.62877,43.71024],[-79.62837,43.70837],[-79.6264,43.709],[-79.62559,43.71071],[-79.62379,43.71058],[-79.62152,43.70896],[-79.62227,43.70709],[-79.61654,43.70792],[-79.61568,43.70635],[-79.61492,43.70709],[-79.61464,43.70541],[-79.62317,43.70534],[-79.62246,43.7059],[-79.62507,43.70703],[-79.6267,43.70642],[-79.6306,43.70837],[-79.6306,43.71061],[-79.63288,43.7097],[-79.63452,43.71109],[-79.63892,43.70946],[-79.63902,43.70735],[-79.64122,43.70492],[-79.64112,43.70573],[-79.64441,43.70573],[-79.64402,43.70486],[-79.64573,43.70611],[-79.64504,43.70548],[-79.64797,43.70494],[-79.64737,43.70646],[-79.64937,43.70765],[-79.65028,43.70601],[-79.64944,43.70541],[-79.65066,43.70538],[-79.64813,43.70494],[-79.65335,43.70477],[-79.65056,43.70498],[-79.65402,43.70735],[-79.65072,43.70546],[-79.64982,43.70654],[-79.65,43.70812],[-79.65092,43.70773],[-79.65021,43.70906],[-79.65193,43.70833],[-79.65103,43.70984],[-79.65237,43.71062],[-79.65194,43.70964],[-79.65335,43.70892],[-79.65276,43.71038],[-79.65373,43.70982],[-79.65413,43.70866],[-79.65268,43.70852],[-79.65421,43.70851],[-79.65436,43.70724],[-79.6565,43.70791],[-79.65919,43.70677],[-79.66464,43.71015],[-79.66876,43.70711],[-79.66628,43.70374],[-79.65345,43.70446],[-79.65536,43.70357],[-79.65836,43.70424],[-79.65834,43.70318],[-79.65999,43.70419],[-79.66626,43.70313],[-79.67077,43.70459],[-79.66948,43.70602],[-79.67075,43.70563],[-79.67074,43.7069],[-79.67229,43.70727],[-79.67043,43.70707],[-79.6714,43.70835],[-79.66904,43.70721],[-79.66436,43.71052],[-79.6675,43.7115],[-79.66522,43.71393],[-79.67084,43.70957],[-79.66971,43.71132],[-79.67049,43.71309],[-79.67313,43.71311],[-79.67147,43.71383],[-79.67393,43.7153],[-79.67308,43.71592],[-79.67404,43.71605],[-79.67558,43.712],[-79.67484,43.71763],[-79.67084,43.71553],[-79.67039,43.7166],[-79.67071,43.71543],[-79.66948,43.71434],[-79.66471,43.7153],[-79.66194,43.71757],[-79.66234,43.71824],[-79.65843,43.71588],[-79.66232,43.7192],[-79.66036,43.72098],[-79.66162,43.72209],[-79.66006,43.72352],[-79.6616,43.72344],[-79.66043,43.7251],[-79.66158,43.7257],[-79.66353,43.72429],[-79.6617,43.72616],[-79.66402,43.72621],[-79.66356,43.72845],[-79.65776,43.72379],[-79.65792,43.7214],[-79.66052,43.71799],[-79.65823,43.71923],[-79.65657,43.7182],[-79.65662,43.71916],[-79.65546,43.71925],[-79.6561,43.72001],[-79.65461,43.71997],[-79.65605,43.72122],[-79.65262,43.7201],[-79.65125,43.72164],[-79.6491,43.71997],[-79.64987,43.71878],[-79.64571,43.71645],[-79.64536,43.71493],[-79.64261,43.7141],[-79.64115,43.71489],[-79.64211,43.71563],[-79.64001,43.71622],[-79.63847,43.71409],[-79.63442,43.71292],[-79.63362,43.71449],[-79.63463,43.71588],[-79.63306,43.71548],[-79.63313,43.71828],[-79.63518,43.718],[-79.6336,43.71858],[-79.63912,43.72207],[-79.64177,43.72202],[-79.64261,43.72406],[-79.64589,43.72476],[-79.64652,43.72578],[-79.64564,43.72579],[-79.64875,43.72824],[-79.65223,43.72801],[-79.65341,43.72693],[-79.65243,43.72597],[-79.65565,43.72519],[-79.66291,43.72867],[-79.6614,43.72995],[-79.65715,43.7279],[-79.65429,43.73013],[-79.65508,43.73078],[-79.65119,43.73009],[-79.65363,43.73053],[-79.65153,43.73224],[-79.65228,43.73145],[-79.65453,43.73194],[-79.65317,43.73382],[-79.65191,43.73344],[-79.65363,43.73421],[-79.65177,43.73422],[-79.65143,43.73524],[-79.65339,43.73545],[-79.6514,43.73533],[-79.6508,43.73641],[-79.65101,43.73535],[-79.64901,43.73504],[-79.64832,43.73634],[-79.65019,43.73662],[-79.64854,43.73635],[-79.64918,43.73765],[-79.64805,43.73788],[-79.64983,43.73815],[-79.6485,43.73864],[-79.65203,43.7409],[-79.6558,43.73879],[-79.64863,43.74309]],[[-79.64615,43.73085],[-79.64842,43.72859],[-79.64356,43.72498],[-79.64222,43.7253],[-79.64331,43.72942],[-79.64615,43.73085]],[[-79.63883,43.71284],[-79.64159,43.71273],[-79.63794,43.71169],[-79.63868,43.71106],[-79.63445,43.71142],[-79.63883,43.71284]],[[-79.63899,43.71107],[-79.64033,43.71158],[-79.6409,43.7111],[-79.63899,43.71107]],[[-79.64154,43.71091],[-79.64246,43.71187],[-79.64352,43.71087],[-79.64154,43.71091]],[[-79.63888,43.71076],[-79.64019,43.70911],[-79.63798,43.7106],[-79.63888,43.71076]],[[-79.64206,43.70916],[-79.64395,43.70967],[-79.64774,43.70801],[-79.64334,43.70577],[-79.64025,43.70709],[-79.64057,43.70776],[-79.64121,43.70697],[-79.64206,43.70916]],[[-79.64719,43.70926],[-79.64409,43.71086],[-79.64534,43.71155],[-79.64609,43.71062],[-79.64626,43.7122],[-79.64711,43.7111],[-79.64682,43.71249],[-79.64829,43.71135],[-79.6487,43.71261],[-79.65019,43.7108],[-79.64719,43.70926]],[[-79.65536,43.71064],[-79.65853,43.70878],[-79.66174,43.71052],[-79.66279,43.70961],[-79.6586,43.7068],[-79.65464,43.70872],[-79.6542,43.70964],[-79.65536,43.71064]],[[-79.66302,43.70989],[-79.6621,43.71067],[-79.66377,43.71204],[-79.66417,43.71055],[-79.66302,43.70989]],[[-79.66485,43.71126],[-79.66552,43.7118],[-79.66559,43.71137],[-79.66485,43.71126]],[[-79.6631,43.71198],[-79.66107,43.71361],[-79.65918,43.7132],[-79.66188,43.71526],[-79.6644,43.7128],[-79.6631,43.71198]],[[-79.65015,43.71485],[-79.65031,43.71365],[-79.64915,43.71319],[-79.64867,43.71581],[-79.65015,43.71485]],[[-79.65367,43.71564],[-79.65352,43.71666],[-79.6507,43.71696],[-79.64975,43.71566],[-79.64906,43.71667],[-79.65285,43.71979],[-79.65286,43.71892],[-79.65423,43.71926],[-79.65648,43.71733],[-79.65547,43.71772],[-79.65597,43.71649],[-79.65453,43.71558],[-79.65437,43.71694],[-79.65367,43.71564]],[[-79.65815,43.71678],[-79.65683,43.71798],[-79.65839,43.71894],[-79.65961,43.7179],[-79.65808,43.71797],[-79.65815,43.71678]],[[-79.65015,43.71972],[-79.64915,43.71987],[-79.65117,43.72142],[-79.65215,43.72065],[-79.65232,43.71995],[-79.65015,43.71972]],[[-79.64719,43.71611],[-79.64612,43.71604],[-79.64778,43.71699],[-79.64719,43.71611]],[[-79.65067,43.71569],[-79.65059,43.71623],[-79.65214,43.71653],[-79.65067,43.71569]],[[-79.65226,43.71583],[-79.65161,43.71609],[-79.65257,43.71659],[-79.65226,43.71583]],[[-79.65298,43.71658],[-79.65333,43.71607],[-79.65297,43.71613],[-79.65298,43.71658]],[[-79.65101,43.71663],[-79.65081,43.71651],[-79.65062,43.71682],[-79.65101,43.71663]],[[-79.64594,43.71315],[-79.6456,43.71201],[-79.64426,43.71195],[-79.64594,43.71315]],[[-79.64193,43.7124],[-79.64106,43.71122],[-79.64053,43.71172],[-79.64193,43.7124]],[[-79.64933,43.71277],[-79.65069,43.71107],[-79.64942,43.71192],[-79.64933,43.71277]],[[-79.65784,43.71167],[-79.65971,43.71191],[-79.65921,43.71245],[-79.66103,43.71351],[-79.66321,43.71156],[-79.6586,43.70885],[-79.65648,43.71084],[-79.65813,43.71063],[-79.65784,43.71167]],[[-79.65216,43.71266],[-79.65059,43.71354],[-79.6508,43.71473],[-79.65216,43.71266]],[[-79.65116,43.71274],[-79.65117,43.71184],[-79.65,43.71289],[-79.65116,43.71274]],[[-79.64139,43.71042],[-79.64227,43.7102],[-79.64054,43.70917],[-79.64018,43.71019],[-79.64139,43.71042]],[[-79.66705,43.70466],[-79.66685,43.70458],[-79.66736,43.70493],[-79.66705,43.70466]],[[-79.62451,43.70815],[-79.62408,43.7092],[-79.62524,43.70885],[-79.62451,43.70815]]],"crs":null}},{"type":"Feature","properties":{"floodplain":"Engineered","watershed":"Mimico Creek"},"geometry":{"type":"Polygon","coordinates":[[[-79.71914,43.74552],[-79.71911,43.74381],[-79.72025,43.74419],[-79.72329,43.74159],[-79.72847,43.74181],[-79.72802,43.74072],[-79.72921,43.74155],[-79.73502,43.74045],[-79.72986,43.74163],[-79.72941,43.74276],[-79.72874,43.74193],[-79.72334,43.74181],[-79.72112,43.744],[-79.72187,43.74441],[-79.72066,43.74426],[-79.72135,43.74492],[-79.71914,43.74552]],[[-79.72093,43.74448],[-79.72093,43.74448],[-79.72093,43.74448],[-79.72093,43.74448]]],"crs":null}},{"type":"Feature","properties":{"floodplain":"Engineered","watershed":"Mimico Creek"},"geometry":{"type":"Polygon","coordinates":[[[-79.69861,43.73717],[-79.69512,43.73502],[-79.6992,43.73734],[-79.69861,43.73717]]],"crs":null}},{"type":"Feature","properties":{"floodplain":"Engineered","watershed":"Mimico Creek"},"geometry":{"type":"Polygon","coordinates":[[[-79.68866,43.74591],[-79.68807,43.7446],[-79.68585,43.74579],[-79.67974,43.74438],[-79.68012,43.74207],[-79.67297,43.73697],[-79.66955,43.73644],[-79.6717,43.7359],[-79.67164,43.735],[-79.68084,43.74198],[-79.68069,43.74344],[-79.68567,43.74513],[-79.68874,43.74418],[-79.68937,43.7456],[-79.69106,43.74491],[-79.69079,43.74414],[-79.69796,43.74326],[-79.70247,43.74117],[-79.7088,43.74166],[-79.71132,43.74366],[-79.71712,43.74228],[-79.71914,43.74359],[-79.71716,43.74244],[-79.71516,43.74358],[-79.71019,43.74372],[-79.70686,43.74145],[-79.69665,43.74363],[-79.69703,43.7447],[-79.69518,43.74368],[-79.68879,43.7458],[-79.69004,43.74802],[-79.68866,43.74591]]],"crs":null}},{"type":"Feature","properties":{"floodplain":"Engineered","watershed":"Mimico Creek"},"geometry":{"type":"Polygon","coordinates":[[[-79.68546,43.74039],[-79.68335,43.73778],[-79.68527,43.73918],[-79.68546,43.74039]]],"crs":null}},{"type":"Feature","properties":{"floodplain":"Engineered","watershed":"Mimico Creek"},"geometry":{"type":"Polygon","coordinates":[[[-79.67479,43.73467],[-79.67595,43.73536],[-79.6753,43.7357],[-79.67479,43.73467]]],"crs":null}},{"type":"Feature","properties":{"floodplain":"Engineered","watershed":"Mimico Creek"},"geometry":{"type":"Polygon","coordinates":[[[-79.67585,43.73509],[-79.67336,43.73425],[-79.6764,43.73508],[-79.67585,43.73509]]],"crs":null}},{"type":"Feature","properties":{"floodplain":"Engineered","watershed":"Mimico Creek"},"geometry":{"type":"Polygon","coordinates":[[[-79.69508,43.73458],[-79.69042,43.7326],[-79.68361,43.72659],[-79.68255,43.72789],[-79.68229,43.72566],[-79.67798,43.728],[-79.67922,43.72973],[-79.67684,43.72898],[-79.67828,43.73023],[-79.67523,43.72882],[-79.67435,43.73002],[-79.67078,43.73062],[-79.67573,43.72867],[-79.67529,43.72634],[-79.67635,43.72796],[-79.67581,43.72623],[-79.67686,43.72788],[-79.68232,43.72556],[-79.69002,43.73066],[-79.6911,43.73188],[-79.68842,43.72995],[-79.69101,43.73188],[-79.69066,43.73263],[-79.69167,43.73211],[-79.69508,43.73458]],[[-79.67658,43.72834],[-79.67669,43.72887],[-79.67757,43.72804],[-79.67658,43.72834]]],"crs":null}},{"type":"Feature","properties":{"floodplain":"Engineered","watershed":"Mimico Creek"},"geometry":{"type":"Polygon","coordinates":[[[-79.6786,43.73414],[-79.68318,43.7376],[-79.67851,43.73426],[-79.6786,43.73414]]],"crs":null}},{"type":"Feature","properties":{"floodplain":"Engineered","watershed":"Mimico Creek"},"geometry":{"type":"Polygon","coordinates":[[[-79.67178,43.73365],[-79.66895,43.73175],[-79.67269,43.73362],[-79.67178,43.73365]]],"crs":null}},{"type":"Feature","properties":{"floodplain":"Engineered","watershed":"Mimico Creek"},"geometry":{"type":"Polygon","coordinates":[[[-79.66701,43.73058],[-79.66639,43.73021],[-79.6683,43.72969],[-79.66847,43.73058],[-79.67153,43.72847],[-79.6682,43.73137],[-79.66701,43.73058]]],"crs":null}},{"type":"Feature","properties":{"floodplain":"Engineered","watershed":"Mimico Creek"},"geometry":{"type":"Polygon","coordinates":[[[-79.66211,43.73491],[-79.66575,43.73264],[-79.66212,43.73063],[-79.66342,43.72889],[-79.66724,43.73185],[-79.66211,43.73491]]],"crs":null}},{"type":"Feature","properties":{"floodplain":"Engineered","watershed":"Mimico Creek"},"geometry":{"type":"Polygon","coordinates":[[[-79.65266,43.74716],[-79.64897,43.74551],[-79.64919,43.74456],[-79.64795,43.74503],[-79.65368,43.74074],[-79.66173,43.73738],[-79.65342,43.74139],[-79.65586,43.73988],[-79.65782,43.74179],[-79.66202,43.74122],[-79.66353,43.74369],[-79.6617,43.74505],[-79.66093,43.74376],[-79.66047,43.74487],[-79.65929,43.74401],[-79.65832,43.74475],[-79.66004,43.74351],[-79.65798,43.74231],[-79.65708,43.74298],[-79.65787,43.74199],[-79.65643,43.74122],[-79.65348,43.74184],[-79.65109,43.74355],[-79.65323,43.74521],[-79.65172,43.74565],[-79.65266,43.74716]]],"crs":null}},{"type":"Feature","properties":{"floodplain":"Engineered","watershed":"Mimico Creek"},"geometry":{"type":"Polygon","coordinates":[[[-79.61661,43.70521],[-79.61355,43.7027],[-79.61445,43.70186],[-79.61722,43.70266],[-79.6192,43.70484],[-79.61661,43.70521]]],"crs":null}},{"type":"Feature","properties":{"floodplain":"Engineered","watershed":"Mimico Creek"},"geometry":{"type":"Polygon","coordinates":[[[-79.61343,43.70313],[-79.61427,43.70351],[-79.61436,43.70447],[-79.61343,43.70313]]],"crs":null}},{"type":"Feature","properties":{"floodplain":"Engineered","watershed":"Mimico Creek"},"geometry":{"type":"Polygon","coordinates":[[[-79.6146,43.70394],[-79.615,43.70527],[-79.61451,43.70498],[-79.6146,43.70394]]],"crs":null}},{"type":"Feature","properties":{"floodplain":"Engineered","watershed":"Mimico Creek"},"geometry":{"type":"Polygon","coordinates":[[[-79.61139,43.70103],[-79.61194,43.70151],[-79.61124,43.70137],[-79.61139,43.70103]]],"crs":null}},{"type":"Feature","properties":{"floodplain":"Engineered","watershed":"Mimico Creek"},"geometry":{"type":"Polygon","coordinates":[[[-79.67281,43.7338],[-79.67291,43.73377],[-79.67311,43.73397],[-79.67281,43.7338]]],"crs":null}},{"type":"Feature","properties":{"floodplain":"Engineered","watershed":"Mimico Creek"},"geometry":{"type":"Polygon","coordinates":[[[-79.67079,43.73501],[-79.66817,43.73345],[-79.66585,43.7336],[-79.66853,43.73281],[-79.67079,43.73501]]],"crs":null}},{"type":"Feature","properties":{"floodplain":"Engineered","watershed":"Mimico Creek"},"geometry":{"type":"Polygon","coordinates":[[[-79.64829,43.74367],[-79.64856,43.74345],[-79.64866,43.74356],[-79.64829,43.74367]]],"crs":null}},{"type":"Feature","properties":{"floodplain":"Engineered","watershed":"Etobicoke Creek"},"geometry":{"type":"Polygon","coordinates":[[[-79.87435,43.70115],[-79.87477,43.70147],[-79.87427,43.70142],[-79.87435,43.70115]]],"crs":null}},{"type":"Feature","properties":{"floodplain":"Engineered","watershed":"Etobicoke Creek"},"geometry":{"type":"Polygon","coordinates":[[[-79.79823,43.71842],[-79.80045,43.71739],[-79.80259,43.71781],[-79.79823,43.71842]]],"crs":null}},{"type":"Feature","properties":{"floodplain":"Engineered","watershed":"Etobicoke Creek"},"geometry":{"type":"Polygon","coordinates":[[[-79.81131,43.72014],[-79.811,43.71995],[-79.81162,43.7201],[-79.81131,43.72014]]],"crs":null}},{"type":"Feature","properties":{"floodplain":"Engineered","watershed":"Etobicoke Creek"},"geometry":{"type":"Polygon","coordinates":[[[-79.80789,43.72082],[-79.80358,43.71782],[-79.80554,43.71541],[-79.80497,43.71641],[-79.80674,43.71538],[-79.80445,43.71713],[-79.80481,43.71842],[-79.80794,43.72053],[-79.81114,43.71884],[-79.81021,43.71953],[-79.81106,43.72066],[-79.80917,43.72082],[-79.80982,43.71981],[-79.80789,43.72082]]],"crs":null}},{"type":"Feature","properties":{"floodplain":"Engineered","watershed":"Etobicoke Creek"},"geometry":{"type":"Polygon","coordinates":[[[-79.77875,43.7371],[-79.77656,43.73635],[-79.77927,43.73667],[-79.77875,43.7371]]],"crs":null}},{"type":"Feature","properties":{"floodplain":"Engineered","watershed":"Etobicoke Creek"},"geometry":{"type":"Polygon","coordinates":[[[-79.78384,43.74223],[-79.78185,43.73933],[-79.78178,43.7403],[-79.78206,43.73856],[-79.7815,43.7394],[-79.7797,43.73755],[-79.78144,43.73701],[-79.78186,43.73863],[-79.78279,43.73784],[-79.78196,43.73578],[-79.78358,43.73513],[-79.78369,43.73782],[-79.7871,43.73878],[-79.78676,43.74055],[-79.78451,43.7391],[-79.78384,43.74223]],[[-79.78259,43.73674],[-79.78237,43.73678],[-79.78239,43.73702],[-79.78259,43.73674]],[[-79.78037,43.73787],[-79.7805,43.73705],[-79.78,43.73742],[-79.78037,43.73787]]],"crs":null}},{"type":"Feature","properties":{"floodplain":"Engineered","watershed":"Etobicoke Creek"},"geometry":{"type":"Polygon","coordinates":[[[-79.79824,43.76011],[-79.79685,43.75894],[-79.79872,43.75767],[-79.80224,43.75857],[-79.80045,43.75849],[-79.80046,43.7594],[-79.79824,43.76011]]],"crs":null}},{"type":"Feature","properties":{"floodplain":"Engineered","watershed":"Etobicoke Creek"},"geometry":{"type":"Polygon","coordinates":[[[-79.8107,43.76531],[-79.8072,43.7625],[-79.80698,43.76105],[-79.8024,43.75863],[-79.8078,43.76082],[-79.81155,43.76453],[-79.8107,43.76531]]],"crs":null}},{"type":"Feature","properties":{"floodplain":"Engineered","watershed":"Etobicoke Creek"},"geometry":{"type":"Polygon","coordinates":[[[-79.78415,43.75312],[-79.78084,43.75038],[-79.78439,43.75218],[-79.78722,43.75031],[-79.79013,43.75095],[-79.78727,43.75073],[-79.78415,43.75312]]],"crs":null}},{"type":"Feature","properties":{"floodplain":"Engineered","watershed":"Etobicoke Creek"},"geometry":{"type":"Polygon","coordinates":[[[-79.90697,43.7567],[-79.9078,43.75625],[-79.9085,43.75661],[-79.90697,43.7567]]],"crs":null}},{"type":"Feature","properties":{"floodplain":"Engineered","watershed":"Etobicoke Creek"},"geometry":{"type":"Polygon","coordinates":[[[-79.87587,43.78677],[-79.87307,43.7846],[-79.87135,43.78539],[-79.87258,43.78382],[-79.87151,43.78489],[-79.86996,43.78418],[-79.87159,43.7799],[-79.87003,43.78021],[-79.86683,43.77821],[-79.86663,43.77388],[-79.86014,43.7714],[-79.85672,43.77124],[-79.85737,43.77251],[-79.85958,43.77306],[-79.85736,43.77273],[-79.85638,43.77102],[-79.8501,43.76873],[-79.84932,43.76656],[-79.84517,43.76261],[-79.84138,43.76339],[-79.84061,43.76015],[-79.84145,43.75815],[-79.8445,43.75604],[-79.84392,43.75421],[-79.84586,43.75153],[-79.84539,43.7492],[-79.84653,43.74934],[-79.8454,43.74705],[-79.8392,43.74402],[-79.84105,43.74385],[-79.84351,43.74158],[-79.84606,43.74139],[-79.84596,43.74009],[-79.84428,43.7394],[-79.84498,43.73797],[-79.84907,43.73748],[-79.84606,43.73851],[-79.84838,43.74036],[-79.84697,43.74217],[-79.85546,43.74243],[-79.85076,43.74257],[-79.8517,43.74355],[-79.84814,43.74224],[-79.84624,43.74355],[-79.84506,43.74241],[-79.84277,43.74388],[-79.84344,43.7459],[-79.84703,43.7465],[-79.84928,43.75022],[-79.85417,43.74722],[-79.85469,43.74571],[-79.85779,43.74383],[-79.85724,43.74305],[-79.86085,43.74295],[-79.86005,43.74159],[-79.86114,43.74287],[-79.86667,43.74315],[-79.87486,43.74626],[-79.88082,43.7468],[-79.88701,43.75085],[-79.89134,43.75225],[-79.8922,43.75141],[-79.89567,43.75281],[-79.89768,43.75228],[-79.89936,43.75368],[-79.89737,43.75562],[-79.89884,43.75642],[-79.8981,43.75796],[-79.90176,43.75763],[-79.9012,43.7562],[-79.9029,43.75637],[-79.90227,43.75568],[-79.90437,43.7572],[-79.90298,43.75751],[-79.90908,43.75683],[-79.90808,43.75796],[-79.90657,43.75776],[-79.90695,43.75911],[-79.90445,43.75988],[-79.9072,43.76268],[-79.90559,43.76509],[-79.90788,43.76673],[-79.90731,43.76749],[-79.90418,43.76501],[-79.90629,43.76233],[-79.90311,43.75953],[-79.90083,43.7598],[-79.89843,43.75853],[-79.89698,43.75952],[-79.8959,43.75884],[-79.89877,43.75819],[-79.89617,43.75857],[-79.89681,43.75632],[-79.89437,43.75457],[-79.89593,43.75464],[-79.89546,43.75411],[-79.88909,43.75227],[-79.88029,43.74707],[-79.87464,43.74663],[-79.86683,43.74363],[-79.86157,43.74337],[-79.85912,43.74457],[-79.85793,43.74379],[-79.85888,43.74454],[-79.85676,43.74476],[-79.85471,43.74705],[-79.85739,43.74716],[-79.86209,43.7442],[-79.86191,43.74503],[-79.86418,43.74609],[-79.86745,43.74488],[-79.86588,43.74649],[-79.86472,43.74573],[-79.86477,43.74653],[-79.86269,43.74647],[-79.8661,43.74848],[-79.86061,43.74572],[-79.85357,43.74817],[-79.85648,43.74781],[-79.87821,43.75254],[-79.87696,43.75278],[-79.87729,43.75359],[-79.8793,43.75452],[-79.87512,43.75233],[-79.86649,43.75091],[-79.86825,43.75298],[-79.87578,43.75635],[-79.87762,43.75835],[-79.87708,43.759],[-79.87971,43.7592],[-79.88087,43.76106],[-79.88469,43.75913],[-79.89152,43.76132],[-79.89065,43.76224],[-79.89352,43.7615],[-79.89259,43.76334],[-79.89752,43.76491],[-79.89558,43.76491],[-79.89612,43.7658],[-79.89347,43.76377],[-79.88996,43.76371],[-79.89016,43.76477],[-79.8891,43.76508],[-79.89301,43.76706],[-79.89242,43.76768],[-79.89347,43.76862],[-79.89516,43.76736],[-79.89942,43.77034],[-79.89887,43.77096],[-79.89534,43.7685],[-79.89642,43.76942],[-79.89268,43.76921],[-79.89195,43.76715],[-79.88773,43.76556],[-79.8862,43.76637],[-79.88819,43.76445],[-79.88659,43.76552],[-79.88262,43.7637],[-79.88196,43.76437],[-79.88146,43.76224],[-79.8787,43.75957],[-79.87395,43.75928],[-79.87581,43.75829],[-79.87554,43.75666],[-79.86837,43.75347],[-79.86469,43.75038],[-79.85618,43.74825],[-79.85177,43.74972],[-79.85403,43.75121],[-79.85161,43.75026],[-79.84905,43.75107],[-79.84718,43.74992],[-79.84645,43.75231],[-79.84921,43.75299],[-79.84615,43.75262],[-79.8453,43.75532],[-79.84925,43.75703],[-79.84865,43.75792],[-79.8506,43.75887],[-79.84991,43.76228],[-79.85391,43.76442],[-79.86594,43.76592],[-79.86694,43.76826],[-79.86944,43.76909],[-79.87078,43.77105],[-79.87368,43.77108],[-79.87294,43.77245],[-79.87642,43.77391],[-79.87387,43.77505],[-79.87228,43.77294],[-79.87116,43.77381],[-79.87087,43.77146],[-79.86863,43.76904],[-79.8663,43.76829],[-79.86538,43.76643],[-79.85746,43.76514],[-79.8588,43.76735],[-79.86609,43.77007],[-79.86822,43.7715],[-79.86759,43.77212],[-79.85977,43.76812],[-79.85708,43.76521],[-79.85142,43.76421],[-79.84913,43.76201],[-79.85011,43.75907],[-79.84524,43.75574],[-79.84183,43.75881],[-79.84125,43.76084],[-79.84257,43.7621],[-79.84536,43.76201],[-79.84881,43.76463],[-79.85085,43.7687],[-79.86091,43.77113],[-79.87407,43.77676],[-79.87714,43.77713],[-79.87832,43.77608],[-79.88014,43.77784],[-79.88442,43.77836],[-79.88752,43.77756],[-79.89183,43.77998],[-79.8919,43.78112],[-79.89323,43.77929],[-79.89446,43.78009],[-79.89372,43.7792],[-79.89459,43.77869],[-79.89748,43.77935],[-79.89702,43.78125],[-79.89878,43.78273],[-79.89588,43.78423],[-79.89718,43.78301],[-79.88911,43.7813],[-79.88901,43.78024],[-79.88497,43.77842],[-79.88664,43.77991],[-79.88259,43.7783],[-79.87916,43.77875],[-79.87875,43.77755],[-79.87631,43.77761],[-79.87743,43.77882],[-79.87353,43.77777],[-79.87401,43.77706],[-79.87327,43.77785],[-79.86925,43.77667],[-79.8704,43.77811],[-79.86745,43.7777],[-79.87016,43.77963],[-79.87284,43.77849],[-79.87291,43.78031],[-79.87507,43.78219],[-79.87719,43.78083],[-79.87615,43.78254],[-79.87392,43.78283],[-79.87366,43.78186],[-79.8713,43.78259],[-79.87587,43.78677]],[[-79.8682,43.77668],[-79.86925,43.77642],[-79.86914,43.77532],[-79.86708,43.77458],[-79.86725,43.77646],[-79.8682,43.77668]],[[-79.87186,43.77619],[-79.87114,43.77708],[-79.8728,43.77747],[-79.87186,43.77619]],[[-79.89285,43.78085],[-79.89272,43.78049],[-79.89254,43.78082],[-79.89285,43.78085]],[[-79.89557,43.78051],[-79.8961,43.78063],[-79.89643,43.78032],[-79.89557,43.78051]],[[-79.87179,43.77133],[-79.8732,43.77162],[-79.87273,43.77104],[-79.87179,43.77133]],[[-79.88226,43.76113],[-79.88247,43.76306],[-79.88458,43.76454],[-79.88727,43.76495],[-79.8892,43.76247],[-79.8882,43.76058],[-79.88621,43.76068],[-79.88627,43.7616],[-79.88426,43.76026],[-79.88226,43.76113]],[[-79.89516,43.76836],[-79.89456,43.76793],[-79.89515,43.76839],[-79.89516,43.76836]],[[-79.89623,43.75523],[-79.89771,43.75526],[-79.89632,43.75486],[-79.89623,43.75523]],[[-79.90453,43.75878],[-79.90351,43.75931],[-79.90544,43.75925],[-79.90453,43.75878]]],"crs":null}},{"type":"Feature","properties":{"floodplain":"Engineered","watershed":"Etobicoke Creek"},"geometry":{"type":"Polygon","coordinates":[[[-79.87303,43.77853],[-79.87315,43.77848],[-79.87272,43.77894],[-79.87303,43.77853]]],"crs":null}},{"type":"Feature","properties":{"floodplain":"Engineered","watershed":"Etobicoke Creek"},"geometry":{"type":"Polygon","coordinates":[[[-79.87289,43.77833],[-79.87296,43.77836],[-79.87289,43.77841],[-79.87289,43.77833]]],"crs":null}},{"type":"Feature","properties":{"floodplain":"Engineered","watershed":"Etobicoke Creek"},"geometry":{"type":"Polygon","coordinates":[[[-79.90434,43.75704],[-79.90299,43.75604],[-79.90619,43.75666],[-79.90434,43.75704]]],"crs":null}},{"type":"Feature","properties":{"floodplain":"Engineered","watershed":"Etobicoke Creek"},"geometry":{"type":"Polygon","coordinates":[[[-79.90039,43.77865],[-79.89696,43.77846],[-79.89737,43.77692],[-79.89546,43.77469],[-79.89361,43.7737],[-79.89278,43.77458],[-79.89131,43.77288],[-79.89124,43.77381],[-79.88461,43.77107],[-79.88346,43.77132],[-79.88336,43.77284],[-79.88141,43.77247],[-79.88271,43.77185],[-79.88148,43.77085],[-79.88248,43.76972],[-79.88191,43.76856],[-79.87875,43.76881],[-79.87798,43.76789],[-79.87954,43.76741],[-79.87916,43.7665],[-79.87253,43.76247],[-79.86983,43.76195],[-79.86958,43.76398],[-79.8717,43.76652],[-79.869,43.76459],[-79.86981,43.76186],[-79.86767,43.75887],[-79.86185,43.75452],[-79.85529,43.75183],[-79.86031,43.75595],[-79.86074,43.75763],[-79.85962,43.75768],[-79.86001,43.75603],[-79.85426,43.75136],[-79.86122,43.75193],[-79.86276,43.75311],[-79.85962,43.75139],[-79.85659,43.75156],[-79.86245,43.75434],[-79.87024,43.76149],[-79.87264,43.7619],[-79.88334,43.76887],[-79.88525,43.76872],[-79.88432,43.76939],[-79.88605,43.77089],[-79.89553,43.77406],[-79.89734,43.7737],[-79.89636,43.77554],[-79.89973,43.77583],[-79.89851,43.77623],[-79.89957,43.77729],[-79.90155,43.77611],[-79.89973,43.77714],[-79.90237,43.77787],[-79.90039,43.77865]],[[-79.89888,43.77795],[-79.89915,43.7775],[-79.89826,43.7774],[-79.89888,43.77795]],[[-79.88261,43.77232],[-79.8826,43.77277],[-79.8828,43.77259],[-79.88261,43.77232]]],"crs":null}},{"type":"Feature","properties":{"floodplain":"Engineered","watershed":"Etobicoke Creek"},"geometry":{"type":"Polygon","coordinates":[[[-79.83098,43.75192],[-79.82683,43.75183],[-79.82635,43.75029],[-79.82292,43.7497],[-79.82268,43.74708],[-79.8201,43.74457],[-79.82181,43.74366],[-79.82165,43.74207],[-79.82472,43.74057],[-79.82286,43.73905],[-79.81956,43.73926],[-79.82032,43.73831],[-79.82352,43.73812],[-79.82664,43.73976],[-79.82611,43.74202],[-79.82413,43.74238],[-79.82557,43.74383],[-79.82302,43.74579],[-79.82426,43.74885],[-79.82683,43.74921],[-79.82797,43.75125],[-79.83131,43.75107],[-79.83355,43.74923],[-79.83868,43.74768],[-79.8377,43.74677],[-79.83846,43.74421],[-79.84125,43.74712],[-79.84056,43.74829],[-79.83098,43.75192]]],"crs":null}},{"type":"Feature","properties":{"floodplain":"Engineered","watershed":"Etobicoke Creek"},"geometry":{"type":"Polygon","coordinates":[[[-79.79725,43.75745],[-79.79655,43.75695],[-79.79825,43.75438],[-79.79095,43.75061],[-79.79283,43.7504],[-79.79886,43.75326],[-79.79954,43.75497],[-79.79803,43.7559],[-79.80179,43.75669],[-79.79725,43.75745]],[[-79.79812,43.75621],[-79.79845,43.75598],[-79.79723,43.75596],[-79.79812,43.75621]]],"crs":null}},{"type":"Feature","properties":{"floodplain":"Engineered","watershed":"Etobicoke Creek"},"geometry":{"type":"Polygon","coordinates":[[[-79.89091,43.73138],[-79.89112,43.73137],[-79.891,43.73147],[-79.89091,43.73138]]],"crs":null}},{"type":"Feature","properties":{"floodplain":"Engineered","watershed":"Etobicoke Creek"},"geometry":{"type":"Polygon","coordinates":[[[-79.87303,43.77853],[-79.87315,43.77848],[-79.87272,43.77894],[-79.87303,43.77853]]],"crs":null}},{"type":"Feature","properties":{"floodplain":"Engineered","watershed":"Etobicoke Creek"},"geometry":{"type":"Polygon","coordinates":[[[-79.87289,43.77833],[-79.87296,43.77836],[-79.87289,43.77841],[-79.87289,43.77833]]],"crs":null}},{"type":"Feature","properties":{"floodplain":"Engineered","watershed":"Etobicoke Creek"},"geometry":{"type":"Polygon","coordinates":[[[-79.90389,43.74507],[-79.89379,43.74306],[-79.89089,43.74153],[-79.8896,43.74221],[-79.88844,43.74037],[-79.88026,43.73594],[-79.87962,43.73427],[-79.87614,43.73433],[-79.87415,43.7329],[-79.87313,43.73387],[-79.8741,43.73269],[-79.86872,43.73079],[-79.85957,43.73036],[-79.86364,43.73322],[-79.87662,43.73608],[-79.88189,43.73873],[-79.88612,43.74301],[-79.87859,43.73733],[-79.86692,43.73394],[-79.87707,43.73962],[-79.87642,43.73995],[-79.87862,43.74166],[-79.87767,43.74175],[-79.87439,43.73846],[-79.87066,43.73673],[-79.8695,43.73764],[-79.86938,43.7358],[-79.86337,43.73379],[-79.85846,43.73011],[-79.85558,43.73028],[-79.85362,43.73199],[-79.85937,43.73455],[-79.85905,43.73531],[-79.86064,43.73625],[-79.85844,43.7359],[-79.85452,43.73273],[-79.85014,43.73661],[-79.85192,43.73773],[-79.86591,43.74015],[-79.86763,43.73892],[-79.86769,43.74092],[-79.86567,43.7415],[-79.86492,43.74126],[-79.86571,43.74052],[-79.86173,43.73937],[-79.84869,43.73695],[-79.85246,43.7331],[-79.85142,43.73154],[-79.85329,43.72984],[-79.85175,43.72919],[-79.85338,43.72724],[-79.85272,43.72507],[-79.8549,43.72395],[-79.85615,43.7244],[-79.85614,43.72556],[-79.85817,43.72472],[-79.85741,43.72271],[-79.85631,43.72254],[-79.85807,43.72248],[-79.85702,43.72047],[-79.858,43.72057],[-79.859,43.71835],[-79.86151,43.71764],[-79.86105,43.71675],[-79.8624,43.71517],[-79.86448,43.71501],[-79.86628,43.71324],[-79.86445,43.71137],[-79.86523,43.70905],[-79.86671,43.70835],[-79.86559,43.70832],[-79.86596,43.70716],[-79.86472,43.70623],[-79.86754,43.70399],[-79.86781,43.70145],[-79.87,43.70114],[-79.87175,43.69826],[-79.87476,43.70038],[-79.87051,43.70176],[-79.86978,43.70314],[-79.87408,43.7056],[-79.87723,43.70949],[-79.87981,43.70883],[-79.87945,43.71006],[-79.8851,43.71343],[-79.88446,43.71402],[-79.88934,43.71817],[-79.8887,43.71863],[-79.88779,43.71662],[-79.88632,43.71685],[-79.88453,43.71443],[-79.88061,43.71239],[-79.88066,43.71136],[-79.87915,43.71159],[-79.8784,43.71041],[-79.8767,43.71127],[-79.87721,43.71038],[-79.8705,43.70457],[-79.86671,43.70556],[-79.86639,43.70675],[-79.86985,43.71141],[-79.86724,43.71201],[-79.86997,43.71358],[-79.87722,43.71251],[-79.87726,43.7146],[-79.87844,43.71545],[-79.87742,43.71712],[-79.88114,43.71958],[-79.88008,43.72129],[-79.8827,43.72285],[-79.88486,43.7234],[-79.88598,43.7226],[-79.88941,43.72488],[-79.89324,43.72392],[-79.89923,43.72429],[-79.89877,43.72515],[-79.8997,43.72573],[-79.89634,43.72606],[-79.89357,43.72436],[-79.88941,43.72531],[-79.88397,43.72408],[-79.88458,43.72349],[-79.88225,43.72322],[-79.87973,43.72134],[-79.88014,43.72],[-79.87562,43.71714],[-79.87521,43.71476],[-79.87424,43.71534],[-79.87278,43.71383],[-79.86916,43.71369],[-79.87034,43.71462],[-79.86888,43.71361],[-79.86746,43.71378],[-79.86775,43.71512],[-79.87113,43.71803],[-79.86718,43.71453],[-79.86451,43.71563],[-79.86431,43.71779],[-79.86264,43.71831],[-79.86207,43.71915],[-79.8629,43.71965],[-79.86062,43.72004],[-79.86167,43.72056],[-79.86037,43.72051],[-79.85888,43.72313],[-79.85981,43.72366],[-79.86227,43.72234],[-79.86193,43.72378],[-79.85963,43.72404],[-79.85847,43.72604],[-79.86203,43.72661],[-79.86256,43.72571],[-79.86544,43.72569],[-79.86644,43.72408],[-79.87258,43.72352],[-79.87631,43.72569],[-79.8871,43.72563],[-79.89537,43.72859],[-79.89977,43.72864],[-79.90358,43.73059],[-79.90446,43.72966],[-79.90327,43.72784],[-79.90654,43.7286],[-79.90802,43.72681],[-79.90589,43.7256],[-79.90732,43.72447],[-79.91058,43.72643],[-79.90977,43.72652],[-79.90851,43.73137],[-79.9095,43.73223],[-79.90747,43.73192],[-79.90848,43.73098],[-79.90745,43.72997],[-79.90389,43.73218],[-79.89876,43.72898],[-79.89671,43.7287],[-79.89673,43.72947],[-79.8856,43.72611],[-79.87505,43.72604],[-79.87411,43.72822],[-79.86917,43.72709],[-79.86536,43.72758],[-79.86643,43.72849],[-79.87192,43.72866],[-79.87588,43.73105],[-79.87754,43.72985],[-79.87622,43.73107],[-79.88,43.73205],[-79.89293,43.73162],[-79.88015,43.73224],[-79.88372,43.73364],[-79.88095,43.73342],[-79.87769,43.73144],[-79.87523,43.73186],[-79.87517,43.73088],[-79.87108,43.72922],[-79.86692,43.72933],[-79.86086,43.7271],[-79.86011,43.72809],[-79.85746,43.72588],[-79.8558,43.7273],[-79.85468,43.72556],[-79.85409,43.72909],[-79.86985,43.73068],[-79.88083,43.7343],[-79.881,43.73583],[-79.88554,43.73784],[-79.89073,43.73738],[-79.8998,43.73858],[-79.90137,43.73723],[-79.90779,43.73779],[-79.90952,43.73615],[-79.90921,43.73829],[-79.91076,43.7377],[-79.91096,43.7388],[-79.90763,43.73887],[-79.90921,43.73987],[-79.908,43.74156],[-79.90871,43.74263],[-79.90357,43.74432],[-79.90389,43.74507]],[[-79.90266,43.74433],[-79.90837,43.74083],[-79.90718,43.73845],[-79.8967,43.7384],[-79.89594,43.73915],[-79.89671,43.73968],[-79.89533,43.73952],[-79.89537,43.7386],[-79.88564,43.73814],[-79.88983,43.74111],[-79.89918,43.74403],[-79.90053,43.74326],[-79.89956,43.7426],[-79.90199,43.74237],[-79.90081,43.74354],[-79.90266,43.74433]],[[-79.86472,43.72669],[-79.86658,43.72648],[-79.86422,43.72657],[-79.86472,43.72669]],[[-79.86662,43.7261],[-79.87233,43.72754],[-79.87447,43.72559],[-79.87227,43.72407],[-79.86701,43.72559],[-79.86609,43.72491],[-79.86662,43.7261]],[[-79.86271,43.72686],[-79.86211,43.72694],[-79.86264,43.72711],[-79.86271,43.72686]],[[-79.90406,43.73065],[-79.90379,43.73099],[-79.90489,43.73055],[-79.90406,43.73065]],[[-79.89671,43.72464],[-79.89698,43.7252],[-79.89829,43.72486],[-79.89671,43.72464]],[[-79.88215,43.71201],[-79.88228,43.71254],[-79.88273,43.71236],[-79.88215,43.71201]],[[-79.88172,43.7124],[-79.88201,43.71207],[-79.88143,43.71219],[-79.88172,43.7124]],[[-79.8752,43.73929],[-79.87588,43.73963],[-79.87582,43.73925],[-79.8752,43.73929]],[[-79.88498,43.7419],[-79.88471,43.74231],[-79.88529,43.74213],[-79.88498,43.7419]]],"crs":null}},{"type":"Feature","properties":{"floodplain":"Engineered","watershed":"Etobicoke Creek"},"geometry":{"type":"Polygon","coordinates":[[[-79.89079,43.72745],[-79.89058,43.72722],[-79.891,43.72737],[-79.89079,43.72745]]],"crs":null}},{"type":"Feature","properties":{"floodplain":"Engineered","watershed":"Etobicoke Creek"},"geometry":{"type":"Polygon","coordinates":[[[-79.87777,43.76776],[-79.87824,43.76637],[-79.87939,43.76718],[-79.87777,43.76776]]],"crs":null}},{"type":"Feature","properties":{"floodplain":"Engineered","watershed":"Etobicoke Creek"},"geometry":{"type":"Polygon","coordinates":[[[-79.78408,43.75571],[-79.78219,43.75437],[-79.78368,43.75295],[-79.78596,43.75449],[-79.78408,43.75571]]],"crs":null}},{"type":"Feature","properties":{"floodplain":"Engineered","watershed":"Etobicoke Creek"},"geometry":{"type":"Polygon","coordinates":[[[-79.87978,43.70595],[-79.87442,43.70104],[-79.8812,43.70507],[-79.87978,43.70595]]],"crs":null}},{"type":"Feature","properties":{"floodplain":"Engineered","watershed":"Mimico Creek"},"geometry":{"type":"Polygon","coordinates":[[[-79.68274,43.70519],[-79.68387,43.70385],[-79.6817,43.7039],[-79.68451,43.70326],[-79.68274,43.70519]]],"crs":null}},{"type":"Feature","properties":{"floodplain":"Engineered","watershed":"Mimico Creek"},"geometry":{"type":"Polygon","coordinates":[[[-79.64142,43.70457],[-79.64345,43.70414],[-79.64388,43.7047],[-79.64142,43.70457]]],"crs":null}},{"type":"Feature","properties":{"floodplain":"Engineered","watershed":"Mimico Creek"},"geometry":{"type":"Polygon","coordinates":[[[-79.67452,43.70538],[-79.66999,43.70427],[-79.67409,43.70422],[-79.67548,43.70506],[-79.67452,43.70538]]],"crs":null}},{"type":"Feature","properties":{"floodplain":"Engineered","watershed":"Mimico Creek"},"geometry":{"type":"Polygon","coordinates":[[[-79.67976,43.7073],[-79.67943,43.70725],[-79.68034,43.70607],[-79.67976,43.7073]]],"crs":null}},{"type":"Feature","properties":{"floodplain":"Engineered","watershed":"Mimico Creek"},"geometry":{"type":"Polygon","coordinates":[[[-79.67589,43.70974],[-79.67462,43.70961],[-79.67426,43.70833],[-79.67157,43.70848],[-79.67571,43.70528],[-79.67965,43.70446],[-79.67753,43.70571],[-79.67799,43.70692],[-79.67597,43.71101],[-79.67589,43.70974]],[[-79.67572,43.7059],[-79.67364,43.70756],[-79.67611,43.70898],[-79.67674,43.70676],[-79.67572,43.7059]],[[-79.67296,43.70748],[-79.67415,43.70644],[-79.67277,43.7076],[-79.67296,43.70748]]],"crs":null}},{"type":"Feature","properties":{"floodplain":"Engineered","watershed":"Mimico Creek"},"geometry":{"type":"Polygon","coordinates":[[[-79.67962,43.71372],[-79.67725,43.71072],[-79.67642,43.71179],[-79.67724,43.71035],[-79.67956,43.71067],[-79.67883,43.71114],[-79.67992,43.71156],[-79.67854,43.71198],[-79.67935,43.71282],[-79.68146,43.71225],[-79.67962,43.71372]]],"crs":null}},{"type":"Feature","properties":{"floodplain":"Engineered","watershed":"Mimico Creek"},"geometry":{"type":"Polygon","coordinates":[[[-79.67578,43.71689],[-79.67654,43.71663],[-79.67577,43.71742],[-79.67578,43.71689]]],"crs":null}},{"type":"Feature","properties":{"floodplain":"Engineered","watershed":"Humber River"},"geometry":{"type":"Polygon","coordinates":[[[-79.90808,43.96061],[-79.91144,43.95939],[-79.91254,43.95962],[-79.90808,43.96061]]],"crs":null}},{"type":"Feature","properties":{"floodplain":"Engineered","watershed":"Humber River"},"geometry":{"type":"Polygon","coordinates":[[[-79.93464,43.95376],[-79.94053,43.94926],[-79.94151,43.94578],[-79.94239,43.94717],[-79.93658,43.95284],[-79.94101,43.95288],[-79.94601,43.95013],[-79.94598,43.9469],[-79.95129,43.94405],[-79.94602,43.94701],[-79.94594,43.94918],[-79.95182,43.94976],[-79.95036,43.94915],[-79.94472,43.95047],[-79.94102,43.95343],[-79.93464,43.95376]],[[-79.94166,43.94754],[-79.94162,43.94754],[-79.94164,43.94756],[-79.94166,43.94754]]],"crs":null}},{"type":"Feature","properties":{"floodplain":"Engineered","watershed":"Humber River"},"geometry":{"type":"Polygon","coordinates":[[[-79.87097,43.89967],[-79.86794,43.89896],[-79.868,43.89738],[-79.86523,43.89624],[-79.85675,43.89807],[-79.85337,43.89559],[-79.85411,43.89344],[-79.85272,43.89238],[-79.84265,43.89256],[-79.84323,43.8912],[-79.84581,43.89101],[-79.83918,43.88989],[-79.84038,43.88856],[-79.84366,43.88878],[-79.84373,43.88978],[-79.84624,43.8894],[-79.84924,43.89211],[-79.85105,43.89101],[-79.85444,43.89223],[-79.85546,43.89363],[-79.85396,43.89483],[-79.85687,43.89772],[-79.86121,43.89725],[-79.86081,43.89661],[-79.86465,43.89546],[-79.86827,43.89673],[-79.86853,43.89866],[-79.86992,43.89902],[-79.87488,43.8977],[-79.87663,43.89585],[-79.87683,43.89325],[-79.88195,43.88934],[-79.87714,43.8935],[-79.87674,43.89634],[-79.87567,43.89693],[-79.87961,43.89717],[-79.87562,43.89746],[-79.87097,43.89967]],[[-79.84247,43.89033],[-79.84208,43.88984],[-79.84145,43.89013],[-79.84247,43.89033]]],"crs":null}},{"type":"Feature","properties":{"floodplain":"Engineered","watershed":"Humber River"},"geometry":{"type":"Polygon","coordinates":[[[-79.85134,43.90306],[-79.84987,43.90181],[-79.84477,43.90132],[-79.84271,43.89956],[-79.83923,43.89996],[-79.84417,43.89843],[-79.84308,43.89957],[-79.84432,43.90079],[-79.8507,43.90173],[-79.8521,43.90248],[-79.85134,43.90306]]],"crs":null}},{"type":"Feature","properties":{"floodplain":"Engineered","watershed":"Humber River"},"geometry":{"type":"Polygon","coordinates":[[[-79.83827,43.90048],[-79.83771,43.90008],[-79.8391,43.90007],[-79.83827,43.90048]]],"crs":null}},{"type":"Feature","properties":{"floodplain":"Engineered","watershed":"Humber River"},"geometry":{"type":"Polygon","coordinates":[[[-79.84294,43.894],[-79.8429,43.89412],[-79.84253,43.89451],[-79.84294,43.894]]],"crs":null}},{"type":"Feature","properties":{"floodplain":"Engineered","watershed":"Humber River"},"geometry":{"type":"Polygon","coordinates":[[[-79.84298,43.89384],[-79.8416,43.8935],[-79.84202,43.89254],[-79.84298,43.89384]]],"crs":null}},{"type":"Feature","properties":{"floodplain":"Engineered","watershed":"Humber River"},"geometry":{"type":"Polygon","coordinates":[[[-79.84871,43.89756],[-79.844,43.8974],[-79.84287,43.89435],[-79.84632,43.89293],[-79.84602,43.89655],[-79.84983,43.89737],[-79.84871,43.89756]]],"crs":null}},{"type":"Feature","properties":{"floodplain":"Engineered","watershed":"Humber River"},"geometry":{"type":"Polygon","coordinates":[[[-79.89856,43.90171],[-79.89719,43.89791],[-79.89476,43.89673],[-79.88798,43.89808],[-79.87935,43.8966],[-79.89194,43.89719],[-79.8948,43.89158],[-79.89594,43.89075],[-79.89923,43.89182],[-79.90047,43.89036],[-79.90019,43.89215],[-79.89698,43.89222],[-79.89748,43.89272],[-79.89529,43.89179],[-79.89292,43.8954],[-79.89287,43.8968],[-79.89753,43.89766],[-79.89966,43.90034],[-79.89878,43.90051],[-79.89963,43.90205],[-79.89867,43.903],[-79.89856,43.90171]]],"crs":null}},{"type":"Feature","properties":{"floodplain":"Engineered","watershed":"Humber River"},"geometry":{"type":"Polygon","coordinates":[[[-79.84153,43.91661],[-79.84101,43.91536],[-79.84973,43.91432],[-79.84737,43.91588],[-79.84608,43.91471],[-79.84399,43.91479],[-79.84153,43.91661]]],"crs":null}},{"type":"Feature","properties":{"floodplain":"Engineered","watershed":"Humber River"},"geometry":{"type":"Polygon","coordinates":[[[-79.86085,43.91649],[-79.85701,43.91437],[-79.85945,43.91467],[-79.86168,43.91709],[-79.86085,43.91649]]],"crs":null}},{"type":"Feature","properties":{"floodplain":"Engineered","watershed":"Humber River"},"geometry":{"type":"Polygon","coordinates":[[[-79.8423,43.92302],[-79.84292,43.92231],[-79.84427,43.92223],[-79.8423,43.92302]]],"crs":null}},{"type":"Feature","properties":{"floodplain":"Engineered","watershed":"Humber River"},"geometry":{"type":"Polygon","coordinates":[[[-79.8488,43.92402],[-79.84704,43.92355],[-79.84774,43.92214],[-79.84433,43.92187],[-79.85042,43.92243],[-79.85051,43.92333],[-79.85244,43.9192],[-79.8512,43.91736],[-79.8543,43.91576],[-79.85507,43.91378],[-79.85464,43.9158],[-79.85174,43.91712],[-79.85263,43.91933],[-79.85212,43.92199],[-79.85481,43.92252],[-79.85593,43.92148],[-79.8547,43.91612],[-79.85678,43.91451],[-79.85473,43.91612],[-79.85598,43.92129],[-79.85796,43.91922],[-79.86053,43.91964],[-79.85722,43.91997],[-79.85646,43.92276],[-79.85551,43.92213],[-79.85609,43.92292],[-79.85397,43.9224],[-79.8488,43.92402]]],"crs":null}},{"type":"Feature","properties":{"floodplain":"Engineered","watershed":"Humber River"},"geometry":{"type":"Polygon","coordinates":[[[-79.8506,43.92816],[-79.85108,43.92747],[-79.84741,43.92814],[-79.84336,43.92713],[-79.84631,43.92645],[-79.85114,43.9274],[-79.8552,43.92445],[-79.85923,43.9254],[-79.86243,43.92438],[-79.8619,43.92548],[-79.85515,43.9248],[-79.85312,43.92731],[-79.8506,43.92816]],[[-79.8551,43.92486],[-79.8551,43.92486],[-79.8551,43.92486],[-79.8551,43.92486]]],"crs":null}},{"type":"Feature","properties":{"floodplain":"Engineered","watershed":"Humber River"},"geometry":{"type":"Polygon","coordinates":[[[-79.85108,43.92664],[-79.85172,43.92666],[-79.85128,43.92715],[-79.85108,43.92664]]],"crs":null}},{"type":"Feature","properties":{"floodplain":"Engineered","watershed":"Humber River"},"geometry":{"type":"Polygon","coordinates":[[[-79.96941,43.92762],[-79.96577,43.92435],[-79.96291,43.92419],[-79.95864,43.92012],[-79.95739,43.9201],[-79.95675,43.91735],[-79.96072,43.91459],[-79.96167,43.91569],[-79.96289,43.915],[-79.96114,43.9142],[-79.96321,43.91255],[-79.96937,43.91163],[-79.96949,43.91003],[-79.96949,43.91137],[-79.9721,43.91166],[-79.97329,43.91076],[-79.97423,43.91322],[-79.97629,43.91089],[-79.97619,43.91259],[-79.97489,43.91339],[-79.97285,43.91325],[-79.97233,43.91203],[-79.96927,43.91333],[-79.97084,43.91538],[-79.96924,43.91661],[-79.9709,43.91607],[-79.97228,43.91759],[-79.97075,43.9196],[-79.96674,43.91844],[-79.96755,43.91736],[-79.96487,43.91717],[-79.96397,43.91538],[-79.96283,43.91597],[-79.96406,43.91613],[-79.96287,43.91759],[-79.96427,43.91854],[-79.96211,43.91877],[-79.96274,43.92239],[-79.96488,43.92221],[-79.96567,43.92419],[-79.97205,43.91928],[-79.97483,43.91855],[-79.97424,43.91653],[-79.9756,43.91792],[-79.97736,43.91749],[-79.97651,43.91673],[-79.97748,43.91484],[-79.97818,43.91473],[-79.97804,43.91756],[-79.98051,43.91639],[-79.98075,43.91792],[-79.98292,43.91775],[-79.98268,43.91663],[-79.9841,43.91604],[-79.98315,43.9155],[-79.98487,43.91515],[-79.98441,43.9142],[-79.98556,43.91345],[-79.98607,43.91477],[-79.98771,43.91424],[-79.98652,43.91276],[-79.98984,43.91131],[-79.98848,43.90807],[-79.98984,43.90876],[-79.98984,43.90654],[-79.99052,43.90729],[-79.99282,43.90665],[-79.98959,43.90812],[-79.99071,43.91],[-79.9903,43.91362],[-79.99473,43.9124],[-79.99381,43.91016],[-79.99637,43.90928],[-79.99755,43.91048],[-79.99753,43.90944],[-79.99906,43.90919],[-79.99994,43.90491],[-79.99941,43.90892],[-79.99786,43.91076],[-79.99446,43.91084],[-79.99451,43.91209],[-79.99619,43.91201],[-79.99472,43.9134],[-79.99754,43.91355],[-79.99741,43.91244],[-79.99924,43.91174],[-80.002,43.9109],[-80.0045,43.91161],[-80.00422,43.91051],[-80.00623,43.91045],[-80.00491,43.91181],[-80.00331,43.91216],[-80.0021,43.91115],[-80.00009,43.91301],[-79.99549,43.91393],[-79.99441,43.91595],[-79.99259,43.915],[-79.99381,43.91427],[-79.99337,43.91321],[-79.98823,43.91406],[-79.98507,43.91595],[-79.98592,43.91685],[-79.9849,43.91849],[-79.98004,43.91804],[-79.98141,43.91963],[-79.97786,43.92074],[-79.97849,43.91932],[-79.97653,43.91966],[-79.97746,43.91874],[-79.97432,43.91895],[-79.97127,43.92274],[-79.96941,43.92762]],[[-79.96839,43.92298],[-79.96827,43.92293],[-79.9683,43.92301],[-79.96839,43.92298]],[[-79.97735,43.91854],[-79.97797,43.91844],[-79.97661,43.91841],[-79.97735,43.91854]],[[-79.97909,43.91871],[-79.97905,43.91884],[-79.97915,43.91886],[-79.97909,43.91871]],[[-79.98472,43.9161],[-79.98499,43.91581],[-79.98446,43.91563],[-79.98472,43.9161]],[[-79.98548,43.91482],[-79.98483,43.91434],[-79.98527,43.91501],[-79.98548,43.91482]],[[-79.98826,43.91369],[-79.98868,43.91338],[-79.98834,43.91337],[-79.98826,43.91369]],[[-80.00063,43.91216],[-80.00062,43.91201],[-80.00052,43.91206],[-80.00063,43.91216]],[[-79.99416,43.91302],[-79.99445,43.91284],[-79.99374,43.91283],[-79.99416,43.91302]],[[-79.98829,43.91267],[-79.98827,43.9124],[-79.98774,43.91229],[-79.98829,43.91267]],[[-79.98952,43.90877],[-79.98951,43.90869],[-79.98931,43.90858],[-79.98952,43.90877]],[[-79.99099,43.90737],[-79.99118,43.90722],[-79.99117,43.90699],[-79.99099,43.90737]],[[-79.98527,43.91393],[-79.98513,43.91419],[-79.98533,43.91404],[-79.98527,43.91393]],[[-79.96301,43.92355],[-79.96306,43.92324],[-79.96264,43.9234],[-79.96301,43.92355]],[[-79.9612,43.91823],[-79.9615,43.91785],[-79.96081,43.91801],[-79.9612,43.91823]],[[-79.9617,43.91803],[-79.96162,43.91806],[-79.96178,43.91806],[-79.9617,43.91803]],[[-79.96694,43.91431],[-79.96691,43.91399],[-79.96642,43.91408],[-79.96694,43.91431]],[[-79.9686,43.91334],[-79.96885,43.91318],[-79.96807,43.91276],[-79.9686,43.91334]],[[-79.97475,43.91327],[-79.97479,43.91331],[-79.97485,43.91328],[-79.97475,43.91327]],[[-79.9747,43.91304],[-79.9746,43.91306],[-79.97471,43.91311],[-79.9747,43.91304]],[[-79.97539,43.91292],[-79.97534,43.91295],[-79.97545,43.91299],[-79.97539,43.91292]],[[-79.9712,43.91202],[-79.97188,43.91176],[-79.97163,43.91164],[-79.9712,43.91202]]],"crs":null}},{"type":"Feature","properties":{"floodplain":"Engineered","watershed":"Humber River"},"geometry":{"type":"Polygon","coordinates":[[[-79.99759,43.94112],[-80.00023,43.93905],[-79.99485,43.93648],[-79.9948,43.93537],[-79.99231,43.93529],[-79.9906,43.93246],[-79.98895,43.9318],[-79.99022,43.93163],[-79.99189,43.93429],[-79.99423,43.9348],[-79.99565,43.93681],[-80.00006,43.93863],[-80.00052,43.93975],[-80.00278,43.93711],[-79.9999,43.93492],[-80.00255,43.93616],[-80.00307,43.93757],[-80.00253,43.93879],[-80.00123,43.9388],[-80.00166,43.94019],[-79.99759,43.94112]],[[-79.99086,43.93282],[-79.99074,43.93282],[-79.9908,43.93299],[-79.99086,43.93282]]],"crs":null}},{"type":"Feature","properties":{"floodplain":"Engineered","watershed":"Humber River"},"geometry":{"type":"Polygon","coordinates":[[[-80.00771,43.93417],[-80.00732,43.93323],[-80.00987,43.9335],[-80.00771,43.93417]],[[-80.00923,43.93384],[-80.00918,43.9339],[-80.00929,43.93391],[-80.00923,43.93384]],[[-80.00762,43.93366],[-80.00752,43.9337],[-80.00761,43.93372],[-80.00762,43.93366]]],"crs":null}},{"type":"Feature","properties":{"floodplain":"Engineered","watershed":"Humber River"},"geometry":{"type":"Polygon","coordinates":[[[-79.99603,43.93143],[-79.99328,43.93083],[-79.99561,43.93097],[-79.99469,43.93014],[-79.99618,43.92986],[-79.99603,43.93143]],[[-79.9959,43.93041],[-79.99606,43.93082],[-79.99625,43.9306],[-79.9959,43.93041]]],"crs":null}},{"type":"Feature","properties":{"floodplain":"Engineered","watershed":"Humber River"},"geometry":{"type":"Polygon","coordinates":[[[-80.00042,43.93165],[-79.99869,43.92996],[-79.99649,43.93],[-79.999,43.92877],[-79.99929,43.93006],[-80.00057,43.93036],[-80.00044,43.92823],[-79.9992,43.9283],[-80.00008,43.92639],[-79.99698,43.92444],[-79.99286,43.92429],[-79.99247,43.92241],[-79.99698,43.9244],[-79.99897,43.92401],[-79.99869,43.92554],[-80.00222,43.92549],[-79.99997,43.92693],[-80.00116,43.92898],[-80.00049,43.93119],[-80.00136,43.93179],[-80.00042,43.93165]],[[-80.00047,43.93077],[-80.00077,43.93049],[-80.00056,43.93052],[-80.00047,43.93077]]],"crs":null}},{"type":"Feature","properties":{"floodplain":"Engineered","watershed":"Humber River"},"geometry":{"type":"Polygon","coordinates":[[[-80.00105,43.93357],[-80.00117,43.93224],[-80.00156,43.93356],[-80.00494,43.93178],[-80.0052,43.92999],[-80.00691,43.92987],[-80.00619,43.92881],[-80.00756,43.92897],[-80.00858,43.92665],[-80.00502,43.92556],[-80.00441,43.92624],[-80.0045,43.92475],[-80.00577,43.92502],[-80.00602,43.92359],[-80.00733,43.92313],[-80.01271,43.92559],[-80.01418,43.92268],[-80.01622,43.92529],[-80.01625,43.92312],[-80.01305,43.92127],[-80.01503,43.9209],[-80.01521,43.91935],[-80.01639,43.91929],[-80.01557,43.91886],[-80.0189,43.91935],[-80.017,43.92019],[-80.0191,43.92226],[-80.01825,43.92511],[-80.02164,43.92849],[-80.01642,43.92531],[-80.01562,43.92655],[-80.01333,43.92603],[-80.01145,43.9272],[-80.01304,43.92726],[-80.01204,43.92883],[-80.00912,43.9278],[-80.00685,43.92902],[-80.00689,43.9335],[-80.00447,43.93228],[-80.00076,43.93459],[-80.00105,43.93357]],[[-80.00799,43.92828],[-80.00868,43.92734],[-80.00804,43.92761],[-80.00799,43.92828]],[[-80.00919,43.92733],[-80.01042,43.92667],[-80.00924,43.92668],[-80.00919,43.92733]],[[-80.01103,43.92658],[-80.01053,43.92751],[-80.01106,43.92734],[-80.01103,43.92658]],[[-80.01502,43.92565],[-80.01498,43.92524],[-80.01435,43.92566],[-80.01502,43.92565]],[[-80.01725,43.9253],[-80.01762,43.92558],[-80.01749,43.92532],[-80.01725,43.9253]],[[-80.01723,43.92376],[-80.01664,43.92383],[-80.01727,43.92405],[-80.01723,43.92376]],[[-80.00899,43.92398],[-80.00805,43.92383],[-80.00869,43.92423],[-80.00899,43.92398]],[[-80.0013,43.9327],[-80.00127,43.93281],[-80.00139,43.9328],[-80.0013,43.9327]],[[-80.00134,43.93269],[-80.0012,43.93252],[-80.00119,43.93264],[-80.00134,43.93269]]],"crs":null}},{"type":"Feature","properties":{"floodplain":"Engineered","watershed":"Humber River"},"geometry":{"type":"Polygon","coordinates":[[[-79.97058,43.9266],[-79.97035,43.92466],[-79.97072,43.92536],[-79.97421,43.92417],[-79.97101,43.92722],[-79.97058,43.9266]]],"crs":null}},{"type":"Feature","properties":{"floodplain":"Engineered","watershed":"Humber River"},"geometry":{"type":"Polygon","coordinates":[[[-79.98369,43.94414],[-79.98374,43.9429],[-79.98047,43.93942],[-79.97271,43.93615],[-79.97287,43.93317],[-79.97017,43.93158],[-79.97166,43.93099],[-79.96958,43.93011],[-79.972,43.93094],[-79.96529,43.92593],[-79.96559,43.92494],[-79.97053,43.92774],[-79.97495,43.92455],[-79.9744,43.92408],[-79.97612,43.92518],[-79.97969,43.92506],[-79.98348,43.92431],[-79.98378,43.92284],[-79.9857,43.92367],[-79.98474,43.92286],[-79.98794,43.92368],[-79.98916,43.92566],[-79.99011,43.9249],[-79.98895,43.92647],[-79.98933,43.92804],[-79.98677,43.92397],[-79.98536,43.92502],[-79.98362,43.92436],[-79.97644,43.92533],[-79.97602,43.92627],[-79.97297,43.92563],[-79.97535,43.92632],[-79.97411,43.92691],[-79.97527,43.92815],[-79.97157,43.92689],[-79.9747,43.92803],[-79.97224,43.92785],[-79.97325,43.93055],[-79.97595,43.93076],[-79.97451,43.93264],[-79.97368,43.93222],[-79.97299,43.93598],[-79.97893,43.93854],[-79.98087,43.9376],[-79.98404,43.94288],[-79.98447,43.94415],[-79.98369,43.94414]],[[-79.98761,43.92396],[-79.98802,43.92427],[-79.98798,43.92404],[-79.98761,43.92396]]],"crs":null}},{"type":"Feature","properties":{"floodplain":"Engineered","watershed":"Humber River"},"geometry":{"type":"MultiPolygon","coordinates":[[[[-79.93116,43.95542],[-79.93301,43.95472],[-79.93126,43.95374],[-79.93113,43.95192],[-79.93078,43.95273],[-79.93053,43.94564],[-79.92828,43.9445],[-79.93026,43.94558],[-79.93344,43.94417],[-79.94035,43.94358],[-79.94494,43.94455],[-79.95344,43.94027],[-79.95305,43.93808],[-79.95072,43.93689],[-79.95257,43.93546],[-79.9543,43.94048],[-79.95216,43.94038],[-79.94435,43.94535],[-79.94044,43.9438],[-79.9316,43.94504],[-79.93055,43.9485],[-79.93147,43.95366],[-79.93447,43.95391],[-79.93397,43.95501],[-79.93116,43.95542]],[[-79.94246,43.94433],[-79.94246,43.94433],[-79.94246,43.94433],[-79.94246,43.94433]],[[-79.95256,43.9372],[-79.95263,43.9371],[-79.95249,43.93724],[-79.95256,43.9372]],[[-79.95277,43.93698],[-79.9527,43.93689],[-79.95238,43.93692],[-79.95277,43.93698]]],[[[-79.91787,43.95847],[-79.91665,43.95691],[-79.91869,43.95482],[-79.9185,43.95188],[-79.92369,43.95062],[-79.92936,43.95197],[-79.91948,43.95174],[-79.91872,43.9538],[-79.919,43.95603],[-79.91998,43.95613],[-79.91857,43.95701],[-79.91958,43.9582],[-79.92049,43.95725],[-79.92124,43.95788],[-79.91787,43.95847]],[[-79.91885,43.95524],[-79.91896,43.95493],[-79.91851,43.95532],[-79.91885,43.95524]]]],"crs":null}},{"type":"Feature","properties":{"floodplain":"Engineered","watershed":"Humber River"},"geometry":{"type":"Polygon","coordinates":[[[-79.9743,43.94601],[-79.97404,43.94502],[-79.9744,43.94521],[-79.9743,43.94601]]],"crs":null}},{"type":"Feature","properties":{"floodplain":"Engineered","watershed":"Humber River"},"geometry":{"type":"MultiPolygon","coordinates":[[[[-79.86612,43.92113],[-79.87289,43.91788],[-79.8729,43.91535],[-79.87714,43.91449],[-79.87692,43.91381],[-79.87789,43.91452],[-79.88317,43.91071],[-79.88052,43.91424],[-79.87486,43.91478],[-79.8729,43.91801],[-79.86612,43.92113]],[[-79.86655,43.92082],[-79.86654,43.92098],[-79.86666,43.9209],[-79.86655,43.92082]],[[-79.87294,43.91618],[-79.87311,43.91614],[-79.87315,43.91589],[-79.87294,43.91618]]],[[[-79.88021,43.91287],[-79.88037,43.9128],[-79.87999,43.91326],[-79.88021,43.91287]]]],"crs":null}},{"type":"Feature","properties":{"floodplain":"Engineered","watershed":"Humber River"},"geometry":{"type":"Polygon","coordinates":[[[-79.86438,43.91463],[-79.86154,43.91369],[-79.86029,43.91159],[-79.85273,43.90718],[-79.85065,43.90644],[-79.84826,43.90795],[-79.85014,43.90549],[-79.85118,43.90555],[-79.85657,43.9097],[-79.86091,43.91152],[-79.86208,43.91372],[-79.8642,43.91426],[-79.86702,43.91406],[-79.8724,43.90891],[-79.87341,43.90924],[-79.86863,43.91205],[-79.86817,43.91451],[-79.86438,43.91463]],[[-79.8685,43.91229],[-79.86852,43.91219],[-79.86839,43.9122],[-79.8685,43.91229]]],"crs":null}},{"type":"Feature","properties":{"floodplain":"Engineered","watershed":"Humber River"},"geometry":{"type":"Polygon","coordinates":[[[-79.89648,43.92598],[-79.89558,43.92525],[-79.89783,43.92145],[-79.90163,43.92057],[-79.90354,43.91708],[-79.90256,43.91529],[-79.90083,43.91484],[-79.90188,43.91325],[-79.90459,43.91273],[-79.90622,43.91008],[-79.91061,43.9086],[-79.91636,43.90783],[-79.91749,43.90892],[-79.91764,43.90735],[-79.91856,43.90798],[-79.92272,43.90438],[-79.91896,43.90752],[-79.91932,43.90876],[-79.91428,43.90833],[-79.90708,43.90972],[-79.90465,43.9128],[-79.90187,43.91368],[-79.90131,43.91493],[-79.90368,43.91672],[-79.90223,43.91913],[-79.90319,43.92069],[-79.90691,43.91797],[-79.9065,43.91597],[-79.91232,43.91517],[-79.92291,43.90791],[-79.92153,43.90999],[-79.91358,43.91393],[-79.91234,43.91555],[-79.90657,43.91603],[-79.90711,43.91807],[-79.90519,43.92026],[-79.89869,43.92168],[-79.89648,43.92598]],[[-79.89644,43.92543],[-79.89637,43.92543],[-79.89643,43.92557],[-79.89644,43.92543]]],"crs":null}},{"type":"Feature","properties":{"floodplain":"Engineered","watershed":"Humber River"},"geometry":{"type":"Polygon","coordinates":[[[-79.91271,43.93775],[-79.91182,43.93685],[-79.91296,43.93727],[-79.91486,43.93505],[-79.91905,43.93556],[-79.92046,43.93286],[-79.92296,43.93162],[-79.9306,43.93122],[-79.93349,43.92997],[-79.93395,43.92867],[-79.9313,43.92569],[-79.93399,43.92826],[-79.93369,43.92995],[-79.93084,43.93128],[-79.92578,43.93129],[-79.92339,43.9331],[-79.92231,43.93223],[-79.91912,43.93561],[-79.91648,43.9351],[-79.9162,43.93704],[-79.91271,43.93775]],[[-79.91467,43.93645],[-79.91538,43.93638],[-79.91566,43.93595],[-79.91467,43.93645]]],"crs":null}},{"type":"Feature","properties":{"floodplain":"Engineered","watershed":"Humber River"},"geometry":{"type":"Polygon","coordinates":[[[-79.86382,43.92205],[-79.8612,43.92132],[-79.8606,43.91985],[-79.86277,43.92189],[-79.86587,43.92113],[-79.86382,43.92205]],[[-79.86466,43.92155],[-79.86455,43.92139],[-79.86445,43.92149],[-79.86466,43.92155]],[[-79.86331,43.92183],[-79.86328,43.92195],[-79.86338,43.92188],[-79.86331,43.92183]]],"crs":null}},{"type":"Feature","properties":{"floodplain":"Engineered","watershed":"Humber River"},"geometry":{"type":"Polygon","coordinates":[[[-79.88383,43.9306],[-79.8775,43.9292],[-79.88134,43.92828],[-79.88202,43.92935],[-79.88699,43.92896],[-79.88413,43.92937],[-79.88383,43.9306]],[[-79.88008,43.92982],[-79.8803,43.92976],[-79.8799,43.92968],[-79.88008,43.92982]]],"crs":null}}]}